id,address,"Geocodio Latitude","Geocodio Longitude","Geocodio Accuracy Score","Geocodio Accuracy Type","Geocodio Address Line 1","Geocodio Address Line 2","Geocodio Address Line 3","Geocodio House Number","Geocodio Street","Geocodio Unit Type","Geocodio Unit Number","Geocodio City","Geocodio State","Geocodio County","Geocodio Postal Code","Geocodio Country","Geocodio Source"
0,"824 Alabama Ave, Brooklyn, NY",40.656155,-73.892465,1,range_interpolation,"824 Alabama Ave",,"Brooklyn, NY 11207",824,"Alabama Ave",,,Brooklyn,NY,"Kings County",11207,US,"TIGER/Line® from the US Census Bureau"
1,"Polygon Brooklyn, Brooklyn, NY",40.637626,-73.943604,0.93,street_center,"Brooklyn Rd",,"Brooklyn, NY 11210",,"Brooklyn Rd",,,Brooklyn,NY,"Kings County",11210,US,"TIGER/Line® dataset from the US Census Bureau"
2,"SOB's, New York, NY",40.586225,-73.925376,0.66,street_center,"Seba Ave",,"Brooklyn, NY 11229",,"Seba Ave",,,Brooklyn,NY,"Kings County",11229,US,"TIGER/Line® dataset from the US Census Bureau"
3,"Elsewhere - The Hall, Brooklyn, NY",40.69232,-73.965688,0.93,street_center,"Hall St",,"Brooklyn, NY 11205",,"Hall St",,,Brooklyn,NY,"Kings County",11205,US,"TIGER/Line® dataset from the US Census Bureau"
4,"The Chocolate Factory, Brooklyn, NY",40.694481,-73.989319,1,place,,,"Brooklyn, NY 11201",,,,,Brooklyn,NY,"Kings County",11201,US,"TIGER/Line® dataset from the US Census Bureau"
5,"PRIME143BK, Brooklyn, NY",40.694481,-73.989319,1,place,,,"Brooklyn, NY 11201",,,,,Brooklyn,NY,"Kings County",11201,US,"TIGER/Line® dataset from the US Census Bureau"
6,"SOB's, New York, NY",40.586225,-73.925376,0.66,street_center,"Seba Ave",,"Brooklyn, NY 11229",,"Seba Ave",,,Brooklyn,NY,"Kings County",11229,US,"TIGER/Line® dataset from the US Census Bureau"
7,"Elsewhere - The Hall, Brooklyn, NY",40.69232,-73.965688,0.93,street_center,"Hall St",,"Brooklyn, NY 11205",,"Hall St",,,Brooklyn,NY,"Kings County",11205,US,"TIGER/Line® dataset from the US Census Bureau"
8,"SOB's, New York, NY",40.586225,-73.925376,0.66,street_center,"Seba Ave",,"Brooklyn, NY 11229",,"Seba Ave",,,Brooklyn,NY,"Kings County",11229,US,"TIGER/Line® dataset from the US Census Bureau"
9,"276 Belmont Ave, Brooklyn, NY",40.669918,-73.899741,1,rooftop,"276 Belmont Ave",,"Brooklyn, NY 11207",276,"Belmont Ave",,,Brooklyn,NY,"Kings County",11207,US,"City of New York"
10,"Musica Club NYC, New York, NY",40.714477,-73.999195,0.85,street_center,"Mosco St",,"New York, NY 10013",,"Mosco St",,,"New York",NY,"New York County",10013,US,"TIGER/Line® dataset from the US Census Bureau"
11,"Elsewhere - The Hall, Brooklyn, NY",40.69232,-73.965688,0.93,street_center,"Hall St",,"Brooklyn, NY 11205",,"Hall St",,,Brooklyn,NY,"Kings County",11205,US,"TIGER/Line® dataset from the US Census Bureau"
12,"SOUTH BEACH NEW YORK , Olympia Lounge and Club, Queens, NY",40.683113,-73.726751,1,street_center,"Southern State Pkwy",,"Rosedale, NY 11422",,"Southern State Pkwy",,,Rosedale,NY,"Queens County",11422,US,"OpenStreetMap Contributors"
13,"154 Scott Ave, Brooklyn, NY",40.711974,-73.923516,1,rooftop,"154 Scott Ave",,"Brooklyn, NY 11237",154,"Scott Ave",,,Brooklyn,NY,"Kings County",11237,US,"City of New York"
14,"Littlefield, Brooklyn, NY",40.703302,-73.980106,0.88,street_center,"Little St",,"Brooklyn, NY 11201",,"Little St",,,Brooklyn,NY,"Kings County",11201,US,"TIGER/Line® dataset from the US Census Bureau"
15,"Elsewhere, Brooklyn, NY",40.694481,-73.989319,1,place,,,"Brooklyn, NY 11201",,,,,Brooklyn,NY,"Kings County",11201,US,"TIGER/Line® dataset from the US Census Bureau"
16,"St. Paul & St. Andrew United Methodist Church, New York, NY",40.650841,-73.961918,0.89,street_center,"St Pauls Ct",,"Brooklyn, NY 11226",,"St Pauls Ct",,,Brooklyn,NY,"Kings County",11226,US,"TIGER/Line® dataset from the US Census Bureau"
17,"Harbor NYC Rooftop, New York, NY",40.629231,-74.039079,0.82,street_center,"Harbor Ln",,"Brooklyn, NY 11209",,"Harbor Ln",,,Brooklyn,NY,"Kings County",11209,US,"TIGER/Line® dataset from the US Census Bureau"
18,"Elsewhere, Brooklyn, NY",40.694481,-73.989319,1,place,,,"Brooklyn, NY 11201",,,,,Brooklyn,NY,"Kings County",11201,US,"TIGER/Line® dataset from the US Census Bureau"
20,"Elsewhere - Zone One, Brooklyn, NY",40.586726,-73.930494,0.85,street_center,"Plumb 1st St",,"Brooklyn, NY 11235",,"Plumb 1st St",,,Brooklyn,NY,"Kings County",11235,US,"TIGER/Line® dataset from the US Census Bureau"
21,"Polygon Brooklyn, Brooklyn, NY",40.637626,-73.943604,0.93,street_center,"Brooklyn Rd",,"Brooklyn, NY 11210",,"Brooklyn Rd",,,Brooklyn,NY,"Kings County",11210,US,"TIGER/Line® dataset from the US Census Bureau"
22,"99 Scott Ave, Brooklyn, NY",40.710541,-73.923165,1,rooftop,"99 Scott Ave",,"Brooklyn, NY 11237",99,"Scott Ave",,,Brooklyn,NY,"Kings County",11237,US,"City of New York"
23,"Atolye Venue & Bar, Brooklyn, NY",40.722203,-73.955109,0.78,street_center,"Berry St",,"Brooklyn, NY 11249",,"Berry St",,,Brooklyn,NY,"Kings County",11249,US,"TIGER/Line® dataset from the US Census Bureau"
25,"Amadeus Nightclub, Queens, NY",40.689174,-73.995938,0.78,street_center,"Amity St",,"Brooklyn, NY 11201",,"Amity St",,,Brooklyn,NY,"Kings County",11201,US,"TIGER/Line® dataset from the US Census Bureau"
26,"Secret Room NYC, New York, NY",40.750422,-73.996328,1,place,,,"New York, NY 10001",,,,,"New York",NY,"New York County",10001,US,"TIGER/Line® dataset from the US Census Bureau"
27,"Madison Avenue Presbyterian, 921 Madison Avenue, New York, NY, USA, New York, NY",40.772728,-73.964589,1,rooftop,"921 Madison Ave",,"New York, NY 10021",921,"Madison Ave",,,"New York",NY,"New York County",10021,US,"City of New York"
28,"The Smith Opera House, Geneva, NY",42.97867,-76.935024,0.78,street_center,"Smith Rd",,"Phelps, NY 14532",,"Smith Rd",,,Phelps,NY,"Seneca County",14532,US,"TIGER/Line® dataset from the US Census Bureau"
29,"VIRGO New York, New York, NY",40.703125,-74.010852,1,street_center,"New York Plz",,"New York, NY 10004",,"New York Plz",,,"New York",NY,"New York County",10004,US,"TIGER/Line® dataset from the US Census Bureau"
30,"littlefield, Brooklyn, NY",40.703302,-73.980106,0.88,street_center,"Little St",,"Brooklyn, NY 11201",,"Little St",,,Brooklyn,NY,"Kings County",11201,US,"TIGER/Line® dataset from the US Census Bureau"
31,"1819 Utica Ave, Brooklyn, NY",40.627753,-73.927614,1,rooftop,"1819 Utica Ave",,"Brooklyn, NY 11234",1819,"Utica Ave",,,Brooklyn,NY,"Kings County",11234,US,"City of New York"
32,"Skinny's Cantina On The Hudson, New York, NY",40.722715,-74.008151,0.93,street_center,"Hudson St",,"New York, NY 10013",,"Hudson St",,,"New York",NY,"New York County",10013,US,"OpenStreetMap Contributors"
33,"First Presbyterian Church, New York, NY",40.677782,-73.990172,0.97,street_center,"1st St",,"Brooklyn, NY 11231",,"1st St",,,Brooklyn,NY,"Kings County",11231,US,"TIGER/Line® dataset from the US Census Bureau"
34,"Joyface, New York, NY",40.750422,-73.996328,1,place,,,"New York, NY 10001",,,,,"New York",NY,"New York County",10001,US,"TIGER/Line® dataset from the US Census Bureau"
35,"Buffalo's Mohawk Place, Buffalo, NY",42.856903,-78.83033,1,street_center,"Buffalo St",,"Buffalo, NY 14220",,"Buffalo St",,,Buffalo,NY,"Erie County",14220,US,"TIGER/Line® dataset from the US Census Bureau"
36,"Polygon Brooklyn, Brooklyn, NY",40.637626,-73.943604,0.93,street_center,"Brooklyn Rd",,"Brooklyn, NY 11210",,"Brooklyn Rd",,,Brooklyn,NY,"Kings County",11210,US,"TIGER/Line® dataset from the US Census Bureau"
37,"Elsewhere, Brooklyn, NY",40.694481,-73.989319,1,place,,,"Brooklyn, NY 11201",,,,,Brooklyn,NY,"Kings County",11201,US,"TIGER/Line® dataset from the US Census Bureau"
38,"Elsewhere, Brooklyn, NY",40.694481,-73.989319,1,place,,,"Brooklyn, NY 11201",,,,,Brooklyn,NY,"Kings County",11201,US,"TIGER/Line® dataset from the US Census Bureau"
39,"Bentley's, Brooklyn, NY",40.694481,-73.989319,1,place,,,"Brooklyn, NY 11201",,,,,Brooklyn,NY,"Kings County",11201,US,"TIGER/Line® dataset from the US Census Bureau"
40,"Lark Hall, Albany, NY",42.660332,-73.747645,0.93,street_center,"Lark Dr",,"Albany, NY 12210",,"Lark Dr",,,Albany,NY,"Albany County",12210,US,"TIGER/Line® dataset from the US Census Bureau"
41,"Elsewhere - Zone One, Brooklyn, NY",40.586726,-73.930494,0.85,street_center,"Plumb 1st St",,"Brooklyn, NY 11235",,"Plumb 1st St",,,Brooklyn,NY,"Kings County",11235,US,"TIGER/Line® dataset from the US Census Bureau"
42,"The Club by Mr. Purple, New York, NY",40.583906,-73.973176,0.71,street_center,"Colby Ct",,"Brooklyn, NY 11223",,"Colby Ct",,,Brooklyn,NY,"Kings County",11223,US,"TIGER/Line® dataset from the US Census Bureau"
43,"DROM, New York, NY",40.750422,-73.996328,1,place,,,"New York, NY 10001",,,,,"New York",NY,"New York County",10001,US,"TIGER/Line® dataset from the US Census Bureau"
44,"Sugar Mouse NYC, New York, NY",40.750422,-73.996328,1,place,,,"New York, NY 10001",,,,,"New York",NY,"New York County",10001,US,"TIGER/Line® dataset from the US Census Bureau"
45,"Elsewhere - The Hall, Brooklyn, NY",40.69232,-73.965688,0.93,street_center,"Hall St",,"Brooklyn, NY 11205",,"Hall St",,,Brooklyn,NY,"Kings County",11205,US,"TIGER/Line® dataset from the US Census Bureau"
46,"Cafe Wha?, New York, NY",40.714265,-74.01506,0.83,street_center,"Vesey St",,"New York, NY 10285",,"Vesey St",,,"New York",NY,"New York County",10285,US,"TIGER/Line® dataset from the US Census Bureau"
47,"Brooklyn Museum, Brooklyn, NY",40.637626,-73.943604,0.93,street_center,"Brooklyn Rd",,"Brooklyn, NY 11210",,"Brooklyn Rd",,,Brooklyn,NY,"Kings County",11210,US,"TIGER/Line® dataset from the US Census Bureau"
48,"Atolye Venue & Bar, Brooklyn, NY",40.722203,-73.955109,0.78,street_center,"Berry St",,"Brooklyn, NY 11249",,"Berry St",,,Brooklyn,NY,"Kings County",11249,US,"TIGER/Line® dataset from the US Census Bureau"
49,"Amazura, Queens, NY",40.745263,-73.711159,1,place,,,"Queens, NY 11004",,,,,Queens,NY,"Queens County",11004,US,"TIGER/Line® dataset from the US Census Bureau"
50,"No Fun, Troy, NY",42.794113,-73.663218,0.83,street_center,"New Turnpike Rd",,"Troy, NY 12182",,"New Turnpike Rd",,,Troy,NY,"Rensselaer County",12182,US,"TIGER/Line® dataset from the US Census Bureau"
51,"Elsewhere - Zone One, Brooklyn, NY",40.586726,-73.930494,0.85,street_center,"Plumb 1st St",,"Brooklyn, NY 11235",,"Plumb 1st St",,,Brooklyn,NY,"Kings County",11235,US,"TIGER/Line® dataset from the US Census Bureau"
52,"The Brooklyn Monarch, Brooklyn, NY",40.637626,-73.943604,0.93,street_center,"Brooklyn Rd",,"Brooklyn, NY 11210",,"Brooklyn Rd",,,Brooklyn,NY,"Kings County",11210,US,"TIGER/Line® dataset from the US Census Bureau"
53,"The Joyce Public House, New York, NY",40.750422,-73.996328,1,place,,,"New York, NY 10001",,,,,"New York",NY,"New York County",10001,US,"TIGER/Line® dataset from the US Census Bureau"
54,"Schomburg Center for Research in Black Culture, New York, NY",40.750422,-73.996328,1,place,,,"New York, NY 10001",,,,,"New York",NY,"New York County",10001,US,"TIGER/Line® dataset from the US Census Bureau"
55,"Kiss Entertainment - Best Nightclub & DJs - Queens NY, Queens, NY",40.599301,-73.749516,0.8,street_center,"New Haven Ave",,"Far Rockaway, NY 11691",,"New Haven Ave",,,"Far Rockaway",NY,"Queens County",11691,US,"TIGER/Line® dataset from the US Census Bureau"
56,"The National Arts Club, New York, NY",40.604438,-73.908967,0.72,street_center,"National Dr",,"Brooklyn, NY 11234",,"National Dr",,,Brooklyn,NY,"Kings County",11234,US,"TIGER/Line® dataset from the US Census Bureau"
57,"Music For A While, New York, NY",40.714477,-73.999195,0.85,street_center,"Mosco St",,"New York, NY 10013",,"Mosco St",,,"New York",NY,"New York County",10013,US,"TIGER/Line® dataset from the US Census Bureau"
58,"Music For A While, New York, NY",40.714477,-73.999195,0.85,street_center,"Mosco St",,"New York, NY 10013",,"Mosco St",,,"New York",NY,"New York County",10013,US,"TIGER/Line® dataset from the US Census Bureau"
59,"Rye Presbyterian Church, Rye, NY",40.967645,-73.684263,0.93,street_center,"Rye Ln",,"Rye, NY 10580",,"Rye Ln",,,Rye,NY,"Westchester County",10580,US,"TIGER/Line® dataset from the US Census Bureau"
60,"DRAMMA TIMES SQUARE, New York, NY",40.750422,-73.996328,1,place,,,"New York, NY 10001",,,,,"New York",NY,"New York County",10001,US,"TIGER/Line® dataset from the US Census Bureau"
61,"Elsewhere - Zone One, Brooklyn, NY",40.586726,-73.930494,0.85,street_center,"Plumb 1st St",,"Brooklyn, NY 11235",,"Plumb 1st St",,,Brooklyn,NY,"Kings County",11235,US,"TIGER/Line® dataset from the US Census Bureau"
62,"Lark Hall, Albany, NY",42.660332,-73.747645,0.93,street_center,"Lark Dr",,"Albany, NY 12210",,"Lark Dr",,,Albany,NY,"Albany County",12210,US,"TIGER/Line® dataset from the US Census Bureau"
63,"1055 E 45th St, Brooklyn, NY",40.635835,-73.933411,1,range_interpolation,"1055 E 45th St",,"Brooklyn, NY 11203",1055,"E 45th St",,,Brooklyn,NY,"Kings County",11203,US,"TIGER/Line® from the US Census Bureau"
64,"617 W 46th St, New York, NY",40.763884,-73.997389,1,rooftop,"617 W 46th St",,"New York, NY 10036",617,"W 46th St",,,"New York",NY,"New York County",10036,US,"City of New York"
65,"Brooklyn Army Terminal, Brooklyn, NY",40.700371,-73.989439,0.93,street_center,"Brooklyn Brg",,"Brooklyn, NY 11201",,"Brooklyn Brg",,,Brooklyn,NY,"Kings County",11201,US,"OpenStreetMap Contributors"
66,"Elsewhere - Zone One, Brooklyn, NY",40.586726,-73.930494,0.85,street_center,"Plumb 1st St",,"Brooklyn, NY 11235",,"Plumb 1st St",,,Brooklyn,NY,"Kings County",11235,US,"TIGER/Line® dataset from the US Census Bureau"
67,"Elsewhere, Brooklyn, NY",40.694481,-73.989319,1,place,,,"Brooklyn, NY 11201",,,,,Brooklyn,NY,"Kings County",11201,US,"TIGER/Line® dataset from the US Census Bureau"
68,"Polygon Brooklyn, Brooklyn, NY",40.637626,-73.943604,0.93,street_center,"Brooklyn Rd",,"Brooklyn, NY 11210",,"Brooklyn Rd",,,Brooklyn,NY,"Kings County",11210,US,"TIGER/Line® dataset from the US Census Bureau"
69,"littlefield, Brooklyn, NY",40.703302,-73.980106,0.88,street_center,"Little St",,"Brooklyn, NY 11201",,"Little St",,,Brooklyn,NY,"Kings County",11201,US,"TIGER/Line® dataset from the US Census Bureau"
70,"The RnB room at Kiss Lounge (queens), Queens, NY",40.745263,-73.711159,1,place,,,"Queens, NY 11004",,,,,Queens,NY,"Queens County",11004,US,"TIGER/Line® dataset from the US Census Bureau"
71,"POLYGON BROOKLYN, Brooklyn, NY",40.637626,-73.943604,0.93,street_center,"Brooklyn Rd",,"Brooklyn, NY 11210",,"Brooklyn Rd",,,Brooklyn,NY,"Kings County",11210,US,"TIGER/Line® dataset from the US Census Bureau"
72,"Refuge, Brooklyn, NY",40.694481,-73.989319,1,place,,,"Brooklyn, NY 11201",,,,,Brooklyn,NY,"Kings County",11201,US,"TIGER/Line® dataset from the US Census Bureau"
73,"Bloomingdale School of Music, New York, NY",40.714477,-73.999195,0.85,street_center,"Mosco St",,"New York, NY 10013",,"Mosco St",,,"New York",NY,"New York County",10013,US,"TIGER/Line® dataset from the US Census Bureau"
74,"Adler Hall @ The New York Society For Ethical Culture, New York, NY",40.684913,-73.871997,0.73,street_center,"Adler Pl",,"Brooklyn, NY 11208",,"Adler Pl",,,Brooklyn,NY,"Kings County",11208,US,"TIGER/Line® dataset from the US Census Bureau"
75,"48 W 21st St, New York, NY",40.741146,-73.992853,1,rooftop,"48 W 21st St",,"New York, NY 10010",48,"W 21st St",,,"New York",NY,"New York County",10010,US,"City of New York"
76,"Sounds Of Brazil, New York, NY",40.699785,-73.983341,0.84,street_center,"Sands St",,"Brooklyn, NY 11201",,"Sands St",,,Brooklyn,NY,"Kings County",11201,US,"TIGER/Line® dataset from the US Census Bureau"
77,"Lark Hall, Albany, NY",42.660332,-73.747645,0.93,street_center,"Lark Dr",,"Albany, NY 12210",,"Lark Dr",,,Albany,NY,"Albany County",12210,US,"TIGER/Line® dataset from the US Census Bureau"
78,"Three West Club, New York, NY",40.726898,-73.958929,0.85,range_interpolation,"3 West St",,"Brooklyn, NY 11222",3,"West St",,,Brooklyn,NY,"Kings County",11222,US,"TIGER/Line® from the US Census Bureau"
79,"Jouvay Night Club, Queens, NY",40.588306,-73.81343,0.83,street_center,"Gull Ct",,"Far Rockaway, NY 11693",,"Gull Ct",,,"Far Rockaway",NY,"Queens County",11693,US,"TIGER/Line® dataset from the US Census Bureau"
80,"Vetro Restaurant & Lounge, Queens, NY",40.782364,-73.944199,0.86,street_center,"Fdr Dr",,"New York, NY 10128",,"Fdr Dr",,,"New York",NY,"New York County",10128,US,"OpenStreetMap Contributors"
81,"The Smith Opera House, Geneva, NY",42.97867,-76.935024,0.78,street_center,"Smith Rd",,"Phelps, NY 14532",,"Smith Rd",,,Phelps,NY,"Seneca County",14532,US,"TIGER/Line® dataset from the US Census Bureau"
82,"1200 Broadway, New York, NY",40.746068,-73.98841,1,rooftop,"1200 Broadway",,"New York, NY 10001",1200,Broadway,,,"New York",NY,"New York County",10001,US,"City of New York"
83,"SOB's, New York, NY",40.586225,-73.925376,0.66,street_center,"Seba Ave",,"Brooklyn, NY 11229",,"Seba Ave",,,Brooklyn,NY,"Kings County",11229,US,"TIGER/Line® dataset from the US Census Bureau"
84,"Refuge, Brooklyn, NY",40.694481,-73.989319,1,place,,,"Brooklyn, NY 11201",,,,,Brooklyn,NY,"Kings County",11201,US,"TIGER/Line® dataset from the US Census Bureau"
85,"79 Alexander Ave, The Bronx, NY",40.806383,-73.928058,1,rooftop,"79 Alexander Ave",,"Bronx, NY 10454",79,"Alexander Ave",,,Bronx,NY,"Bronx County",10454,US,"City of New York"
86,"Trinity School, New York, NY",40.709192,-74.012011,0.93,street_center,"Trinity Pl",,"New York, NY 10006",,"Trinity Pl",,,"New York",NY,"New York County",10006,US,"TIGER/Line® dataset from the US Census Bureau"
87,"Isola Brooklyn, Brooklyn, NY",40.637626,-73.943604,0.78,street_center,"Brooklyn Rd",,"Brooklyn, NY 11210",,"Brooklyn Rd",,,Brooklyn,NY,"Kings County",11210,US,"TIGER/Line® dataset from the US Census Bureau"
88,"Jouvay Night Club, Queens, NY",40.588306,-73.81343,0.83,street_center,"Gull Ct",,"Far Rockaway, NY 11693",,"Gull Ct",,,"Far Rockaway",NY,"Queens County",11693,US,"TIGER/Line® dataset from the US Census Bureau"
89,"St. Paul & St. Andrew United Methodist Church, New York, NY",40.650841,-73.961918,0.89,street_center,"St Pauls Ct",,"Brooklyn, NY 11226",,"St Pauls Ct",,,Brooklyn,NY,"Kings County",11226,US,"TIGER/Line® dataset from the US Census Bureau"
90,"The 443 Social Club & Lounge, Syracuse, NY",43.052915,-76.18644,0.59,nearest_rooftop_match,"309 School St",,"Syracuse, NY 13204",309,"School St",,,Syracuse,NY,"Onondaga County",13204,US,"NYS GIS Program Office, State Geographic Information Officer (GIO)"
91,"Brooklyn Conservatory of Music, Brooklyn, NY",40.637626,-73.943604,0.93,street_center,"Brooklyn Rd",,"Brooklyn, NY 11210",,"Brooklyn Rd",,,Brooklyn,NY,"Kings County",11210,US,"TIGER/Line® dataset from the US Census Bureau"
92,"Refuge, Brooklyn, NY",40.694481,-73.989319,1,place,,,"Brooklyn, NY 11201",,,,,Brooklyn,NY,"Kings County",11201,US,"TIGER/Line® dataset from the US Census Bureau"
93,"Agenda Restaurant, Queens, NY",40.745263,-73.711159,1,place,,,"Queens, NY 11004",,,,,Queens,NY,"Queens County",11004,US,"TIGER/Line® dataset from the US Census Bureau"
94,"Agenda Restaurant, Queens, NY",40.745263,-73.711159,1,place,,,"Queens, NY 11004",,,,,Queens,NY,"Queens County",11004,US,"TIGER/Line® dataset from the US Census Bureau"
95,"Amadeus Nightclub, Queens, NY",40.689174,-73.995938,0.78,street_center,"Amity St",,"Brooklyn, NY 11201",,"Amity St",,,Brooklyn,NY,"Kings County",11201,US,"TIGER/Line® dataset from the US Census Bureau"
96,"Bentley's, Brooklyn, NY",40.694481,-73.989319,1,place,,,"Brooklyn, NY 11201",,,,,Brooklyn,NY,"Kings County",11201,US,"TIGER/Line® dataset from the US Census Bureau"
97,"SOUTH BEACH NEW YORK , Olympia Lounge and Club, Queens, NY",40.683113,-73.726751,1,street_center,"Southern State Pkwy",,"Rosedale, NY 11422",,"Southern State Pkwy",,,Rosedale,NY,"Queens County",11422,US,"OpenStreetMap Contributors"
98,"Elsewhere - The Hall, Brooklyn, NY",40.69232,-73.965688,0.93,street_center,"Hall St",,"Brooklyn, NY 11205",,"Hall St",,,Brooklyn,NY,"Kings County",11205,US,"TIGER/Line® dataset from the US Census Bureau"
99,"Lark Hall, Albany, NY",42.660332,-73.747645,0.93,street_center,"Lark Dr",,"Albany, NY 12210",,"Lark Dr",,,Albany,NY,"Albany County",12210,US,"TIGER/Line® dataset from the US Census Bureau"
100,"The Crowne Plaza - Desmond Hotel, Albany, NY",42.645766,-73.774878,0.93,street_center,"Crown Ter",,"Albany, NY 12209",,"Crown Ter",,,Albany,NY,"Albany County",12209,US,"TIGER/Line® dataset from the US Census Bureau"
101,"BRIC, Brooklyn, NY",40.694481,-73.989319,1,place,,,"Brooklyn, NY 11201",,,,,Brooklyn,NY,"Kings County",11201,US,"TIGER/Line® dataset from the US Census Bureau"
102,"26 Bridge St, Brooklyn, NY",40.703964,-73.984737,1,rooftop,"26 Bridge St",,"Brooklyn, NY 11201",26,"Bridge St",,,Brooklyn,NY,"Kings County",11201,US,"City of New York"
103,"Architects & Designers Building (A&D Building), New York, NY",40.750422,-73.996328,1,place,,,"New York, NY 10001",,,,,"New York",NY,"New York County",10001,US,"TIGER/Line® dataset from the US Census Bureau"
104,"10 River Ter., New York, NY",40.716099,-74.016293,1,rooftop,"10 River Ter",,"New York, NY 10282",10,"River Ter",,,"New York",NY,"New York County",10282,US,"City of New York"
105,"Hyatt Regency Rochester, Rochester, NY",43.151539,-77.530131,0.9,street_center,"Wyatt Dr",,"Rochester, NY 14610",,"Wyatt Dr",,,Rochester,NY,"Monroe County",14610,US,"TIGER/Line® dataset from the US Census Bureau"
106,"Carribean Flavors, Queensbury, NY",43.340954,-73.685911,1,place,,,"Queensbury, NY 12804",,,,,Queensbury,NY,"Warren County",12804,US,"TIGER/Line® dataset from the US Census Bureau"
107,"Convene, New York, NY",40.750422,-73.996328,1,place,,,"New York, NY 10001",,,,,"New York",NY,"New York County",10001,US,"TIGER/Line® dataset from the US Census Bureau"
108,"Houghton Hall Arts Community, New York, NY",40.750422,-73.996328,1,place,,,"New York, NY 10001",,,,,"New York",NY,"New York County",10001,US,"TIGER/Line® dataset from the US Census Bureau"
109,"Omni Berkshire Place, New York, NY",40.750422,-73.996328,1,place,,,"New York, NY 10001",,,,,"New York",NY,"New York County",10001,US,"TIGER/Line® dataset from the US Census Bureau"
110,"Convene, New York, NY",40.750422,-73.996328,1,place,,,"New York, NY 10001",,,,,"New York",NY,"New York County",10001,US,"TIGER/Line® dataset from the US Census Bureau"
111,"Kol Yaakov Hall, Brooklyn, NY",40.68616,-73.872336,0.8,street_center,"Kiely Pl",,"Brooklyn, NY 11208",,"Kiely Pl",,,Brooklyn,NY,"Kings County",11208,US,"TIGER/Line® dataset from the US Census Bureau"
112,"Nazareth University, Rochester, NY",43.15957,-77.597082,0.9,street_center,"University Ave",,"Rochester, NY 14605",,"University Ave",,,Rochester,NY,"Monroe County",14605,US,"TIGER/Line® dataset from the US Census Bureau"
113,"Civic Hall, New York, NY",40.769153,-73.689995,0.43,street_center,"S Svc Rd",,"New Hyde Park, NY 11040",,"S Svc Rd",,,"New Hyde Park",NY,"Nassau County",11040,US,"TIGER/Line® dataset from the US Census Bureau"
114,"Fordham University at Lincoln Center, New York, NY",40.771212,-73.981727,1,street_center,"Lincoln Center Plz",,"New York, NY 10023",,"Lincoln Center Plz",,,"New York",NY,"New York County",10023,US,"TIGER/Line® dataset from the US Census Bureau"
116,"n/a, na, NY",42.913397,-75.596272,1,state,,,NY,,,,,,NY,,,US,"TIGER/Line® dataset from the US Census Bureau"
117,"Convene, New York, NY",40.750422,-73.996328,1,place,,,"New York, NY 10001",,,,,"New York",NY,"New York County",10001,US,"TIGER/Line® dataset from the US Census Bureau"
118,"Metropolitan Club, New York, NY",40.713004,-73.876593,0.79,street_center,"Metropolitan Ave",,"Middle Village, NY 11379",,"Metropolitan Ave",,,"Middle Village",NY,"Queens County",11379,US,"TIGER/Line® dataset from the US Census Bureau"
119,"Marriott Melville Long Island, Melville, NY",40.785471,-73.444808,1,street_center,I-495,,"Melville, NY 11747",,I-495,,,Melville,NY,"Suffolk County",11747,US,"OpenStreetMap Contributors"
120,"Columbia University Lerner Hall, New York, NY",40.718059,-73.979726,0.93,street_center,"Columbia St",,"New York, NY 10002",,"Columbia St",,,"New York",NY,"New York County",10002,US,"TIGER/Line® dataset from the US Census Bureau"
121,"Westchester County Center, White Plains, NY",41.031397,-73.769626,1,place,,,"White Plains, NY 10601",,,,,"White Plains",NY,"Westchester County",10601,US,"TIGER/Line® dataset from the US Census Bureau"
122,"etc.venues 601 Lexington Avenue, New York, NY",40.758412,-73.970505,1,rooftop,"601 Lexington Ave",,"New York, NY 10022",601,"Lexington Ave",,,"New York",NY,"New York County",10022,US,"City of New York"
123,"For venue details reach us at: info@kogniora.com, New York, NY",40.750422,-73.996328,1,place,,,"New York, NY 10001",,,,,"New York",NY,"New York County",10001,US,"TIGER/Line® dataset from the US Census Bureau"
124,"Hofstra University, Hempstead, NY",40.717702,-73.601657,0.88,street_center,"Hofstra Blvd",,"Hempstead, NY 11549",,"Hofstra Blvd",,,Hempstead,NY,"Nassau County",11549,US,"TIGER/Line® dataset from the US Census Bureau"
125,"The Mezzanine Event Space NYC - Bond Gather, New York, NY",40.750422,-73.996328,1,place,,,"New York, NY 10001",,,,,"New York",NY,"New York County",10001,US,"TIGER/Line® dataset from the US Census Bureau"
126,"285 Madison Ave 22nd floor, New York, NY",40.751644,-73.979978,1,rooftop,"285 Madison Ave","Fl 22","New York, NY 10017",285,"Madison Ave",Fl,22,"New York",NY,"New York County",10017,US,"City of New York"
127,"Cornell Tech, New York, NY",40.731455,-74.002055,0.88,street_center,"Cornelia St",,"New York, NY 10014",,"Cornelia St",,,"New York",NY,"New York County",10014,US,"TIGER/Line® dataset from the US Census Bureau"
128,"The Links at Union Vale, Lagrangeville, NY",41.599689,-73.850075,0.81,street_center,"Long Ct",,"Wappingers Falls, NY 12590",,"Long Ct",,,"Wappingers Falls",NY,"Dutchess County",12590,US,"TIGER/Line® dataset from the US Census Bureau"
129,"7000 Mall Walk, Yonkers, NY",40.928279,-73.85637,0.7,street_center,"Mall Walk",,"Yonkers, NY 10704",,"Mall Walk",,,Yonkers,NY,"Westchester County",10704,US,"TIGER/Line® dataset from the US Census Bureau"
130,"3 West Club, New York, NY",40.726898,-73.958929,0.85,range_interpolation,"3 West St",,"Brooklyn, NY 11222",3,"West St",,,Brooklyn,NY,"Kings County",11222,US,"TIGER/Line® from the US Census Bureau"
131,"New York City Bar Association, New York, NY",40.703125,-74.010852,1,street_center,"New York Plz",,"New York, NY 10004",,"New York Plz",,,"New York",NY,"New York County",10004,US,"TIGER/Line® dataset from the US Census Bureau"
132,"Marriott Melville Long Island, Melville, NY",40.785471,-73.444808,1,street_center,I-495,,"Melville, NY 11747",,I-495,,,Melville,NY,"Suffolk County",11747,US,"OpenStreetMap Contributors"
133,"Dream Midtown, by Hyatt, New York, NY",40.750422,-73.996328,1,place,,,"New York, NY 10001",,,,,"New York",NY,"New York County",10001,US,"TIGER/Line® dataset from the US Census Bureau"
134,"The Portal - Utica, Utica, NY",43.076473,-75.198631,0.93,street_center,"Portal Rd",,"Utica, NY 13501",,"Portal Rd",,,Utica,NY,"Oneida County",13501,US,"TIGER/Line® dataset from the US Census Bureau"
135,"630SECOND, New York, NY",40.577948,-73.970729,0.42,street_center,"W 2nd Pl",,"Brooklyn, NY 11224",,"W 2nd Pl",,,Brooklyn,NY,"Kings County",11224,US,"TIGER/Line® dataset from the US Census Bureau"
136,"Cornell Club, New York, NY",40.731455,-74.002055,0.88,street_center,"Cornelia St",,"New York, NY 10014",,"Cornelia St",,,"New York",NY,"New York County",10014,US,"TIGER/Line® dataset from the US Census Bureau"
137,"Fitness Court at Rosendale Community Center, Rosendale, NY",41.84709,-74.079545,1,place,,,"Rosendale Village, NY 12472",,,,,"Rosendale Village",NY,"Ulster County",12472,US,"TIGER/Line® dataset from the US Census Bureau"
138,"Jay Suites, New York, NY",40.71796,-74.009219,0.93,street_center,"Jay St",,"New York, NY 10013",,"Jay St",,,"New York",NY,"New York County",10013,US,"TIGER/Line® dataset from the US Census Bureau"
139,"Jay Suites, New York, NY",40.71796,-74.009219,0.93,street_center,"Jay St",,"New York, NY 10013",,"Jay St",,,"New York",NY,"New York County",10013,US,"TIGER/Line® dataset from the US Census Bureau"
140,"NYU Stern School of Business, New York, NY",40.750422,-73.996328,1,place,,,"New York, NY 10001",,,,,"New York",NY,"New York County",10001,US,"TIGER/Line® dataset from the US Census Bureau"
141,"Pratt Institute, Brooklyn, NY",40.651315,-73.964948,0.85,street_center,"Parade Pl",,"Brooklyn, NY 11226",,"Parade Pl",,,Brooklyn,NY,"Kings County",11226,US,"TIGER/Line® dataset from the US Census Bureau"
143,"The Sagamore Resort, Bolton Landing, NY",43.558163,-73.651598,0.93,street_center,"Sagamore Rd",,"Bolton Landing, NY 12814",,"Sagamore Rd",,,"Bolton Landing",NY,"Warren County",12814,US,"TIGER/Line® dataset from the US Census Bureau"
144,"630SECOND, New York, NY",40.577948,-73.970729,0.42,street_center,"W 2nd Pl",,"Brooklyn, NY 11224",,"W 2nd Pl",,,Brooklyn,NY,"Kings County",11224,US,"TIGER/Line® dataset from the US Census Bureau"
145,"Workspace by Rockefeller Group, New York, NY",40.758751,-73.978681,0.88,street_center,"Rockefeller Plz",,"New York, NY 10112",,"Rockefeller Plz",,,"New York",NY,"New York County",10112,US,"TIGER/Line® dataset from the US Census Bureau"
146,"Fabrik NYC, New York, NY",40.750422,-73.996328,1,place,,,"New York, NY 10001",,,,,"New York",NY,"New York County",10001,US,"TIGER/Line® dataset from the US Census Bureau"
147,"New York, New York, NY",40.703125,-74.010852,1,street_center,"New York Plz",,"New York, NY 10004",,"New York Plz",,,"New York",NY,"New York County",10004,US,"TIGER/Line® dataset from the US Census Bureau"
148,"New York - Online, New York, NY",40.703125,-74.010852,1,street_center,"New York Plz",,"New York, NY 10004",,"New York Plz",,,"New York",NY,"New York County",10004,US,"TIGER/Line® dataset from the US Census Bureau"
149,"3373 Third Ave, The Bronx, NY",40.827626,-73.907455,1,rooftop,"3373 3rd Ave",,"Bronx, NY 10456",3373,"3rd Ave",,,Bronx,NY,"Bronx County",10456,US,"City of New York"
150,"NYU College of Dentistry, New York, NY",40.750422,-73.996328,1,place,,,"New York, NY 10001",,,,,"New York",NY,"New York County",10001,US,"TIGER/Line® dataset from the US Census Bureau"
152,"NYC Conference Center at Cornell ILR, New York, NY",40.750422,-73.996328,1,place,,,"New York, NY 10001",,,,,"New York",NY,"New York County",10001,US,"TIGER/Line® dataset from the US Census Bureau"
159,"The Irish American Pub, New York, NY",40.590447,-73.928365,0.71,street_center,"Ira Ct",,"Brooklyn, NY 11229",,"Ira Ct",,,Brooklyn,NY,"Kings County",11229,US,"TIGER/Line® dataset from the US Census Bureau"
160,"Jay Suites, New York, NY",40.71796,-74.009219,0.93,street_center,"Jay St",,"New York, NY 10013",,"Jay St",,,"New York",NY,"New York County",10013,US,"TIGER/Line® dataset from the US Census Bureau"
161,"Buttonwood Restaurant and Bar, New York, NY",40.688106,-74.023299,0.9,street_center,"Bear Rd",,"New York, NY 10004",,"Bear Rd",,,"New York",NY,"New York County",10004,US,"TIGER/Line® dataset from the US Census Bureau"
162,"26 Bridge St, Brooklyn, NY",40.703964,-73.984737,1,rooftop,"26 Bridge St",,"Brooklyn, NY 11201",26,"Bridge St",,,Brooklyn,NY,"Kings County",11201,US,"City of New York"
163,"Bar Hugo Rooftop, New York, NY",40.687767,-74.014871,0.88,street_center,"Barry Rd",,"New York, NY 10004",,"Barry Rd",,,"New York",NY,"New York County",10004,US,"TIGER/Line® dataset from the US Census Bureau"
164,"The Ainsworth Midtown, New York, NY",40.750422,-73.996328,1,place,,,"New York, NY 10001",,,,,"New York",NY,"New York County",10001,US,"TIGER/Line® dataset from the US Census Bureau"
165,"Whiskey Cellar NYC, New York, NY",40.750422,-73.996328,1,place,,,"New York, NY 10001",,,,,"New York",NY,"New York County",10001,US,"TIGER/Line® dataset from the US Census Bureau"
166,"180 Orchard St 15th floor, New York, NY",40.721798,-73.988243,1,rooftop,"180 Orchard St","Fl 15","New York, NY 10002",180,"Orchard St",Fl,15,"New York",NY,"New York County",10002,US,"City of New York"
167,"Carribean Flavors, Queensbury, NY",43.340954,-73.685911,1,place,,,"Queensbury, NY 12804",,,,,Queensbury,NY,"Warren County",12804,US,"TIGER/Line® dataset from the US Census Bureau"
168,"St. Pat's Bar & Grill NYC, New York, NY",40.691621,-73.982409,0.84,street_center,"City Pt",,"Brooklyn, NY 11201",,"City Pt",,,Brooklyn,NY,"Kings County",11201,US,"TIGER/Line® dataset from the US Census Bureau"
169,"Whiskey Cellar NYC, New York, NY",40.750422,-73.996328,1,place,,,"New York, NY 10001",,,,,"New York",NY,"New York County",10001,US,"TIGER/Line® dataset from the US Census Bureau"
170,"For venue details reach us at eventbrite@mountskills.com, Yonkers, NY",40.929705,-73.858874,0.85,street_center,"Frey Ave",,"Yonkers, NY 10704",,"Frey Ave",,,Yonkers,NY,"Westchester County",10704,US,"TIGER/Line® dataset from the US Census Bureau"
171,"The Dickens, New York, NY",40.602103,-73.760446,0.53,street_center,"Dickens St",,"Far Rockaway, NY 11691",,"Dickens St",,,"Far Rockaway",NY,"Queens County",11691,US,"TIGER/Line® dataset from the US Census Bureau"
172,"Pier Sixty, New York, NY",40.735862,-74.001138,0.85,street_center,"Perry St",,"New York, NY 10014",,"Perry St",,,"New York",NY,"New York County",10014,US,"TIGER/Line® dataset from the US Census Bureau"
173,"Whiskey Cellar NYC, New York, NY",40.750422,-73.996328,1,place,,,"New York, NY 10001",,,,,"New York",NY,"New York County",10001,US,"TIGER/Line® dataset from the US Census Bureau"
174,"East Hampton Library - Young Adult Room, East Hampton, NY",40.983307,-72.172927,1,street_center,"E Hampton Dr",,"East Hampton, NY 11937",,"E Hampton Dr",,,"East Hampton",NY,"Suffolk County",11937,US,"TIGER/Line® dataset from the US Census Bureau"
175,"New York, New York, NY",40.703125,-74.010852,1,street_center,"New York Plz",,"New York, NY 10004",,"New York Plz",,,"New York",NY,"New York County",10004,US,"TIGER/Line® dataset from the US Census Bureau"
176,"One World Trade Center, New York, NY",40.713247,-74.013014,1,rooftop,"1 World Trade Ctr",,"New York, NY 10007",1,"World Trade Ctr",,,"New York",NY,"New York County",10007,US,"City of New York"
177,"The Irish American Pub, New York, NY",40.590447,-73.928365,0.71,street_center,"Ira Ct",,"Brooklyn, NY 11229",,"Ira Ct",,,Brooklyn,NY,"Kings County",11229,US,"TIGER/Line® dataset from the US Census Bureau"
179,"The Irish American Pub, New York, NY",40.590447,-73.928365,0.71,street_center,"Ira Ct",,"Brooklyn, NY 11229",,"Ira Ct",,,Brooklyn,NY,"Kings County",11229,US,"TIGER/Line® dataset from the US Census Bureau"
180,"Regus - Buffalo - Key Center - Downtown, Buffalo, NY",42.773495,-78.840362,0.88,street_center,"Riggs St",,"Buffalo, NY 14219",,"Riggs St",,,Buffalo,NY,"Erie County",14219,US,"TIGER/Line® dataset from the US Census Bureau"
181,"Keybar, Brooklyn, NY",40.694481,-73.989319,1,place,,,"Brooklyn, NY 11201",,,,,Brooklyn,NY,"Kings County",11201,US,"TIGER/Line® dataset from the US Census Bureau"
182,"Ripley-Grier Studios, New York, NY",40.750422,-73.996328,1,place,,,"New York, NY 10001",,,,,"New York",NY,"New York County",10001,US,"TIGER/Line® dataset from the US Census Bureau"
183,"Keybar, Brooklyn, NY",40.694481,-73.989319,1,place,,,"Brooklyn, NY 11201",,,,,Brooklyn,NY,"Kings County",11201,US,"TIGER/Line® dataset from the US Census Bureau"
185,"The City Beer Hall, Albany, NY",42.614852,-73.970812,1,place,,,"Albany, NY 12201",,,,,Albany,NY,"Albany County",12201,US,"TIGER/Line® dataset from the US Census Bureau"
186,"New York, New York, NY",40.703125,-74.010852,1,street_center,"New York Plz",,"New York, NY 10004",,"New York Plz",,,"New York",NY,"New York County",10004,US,"TIGER/Line® dataset from the US Census Bureau"
187,"Bayport Blue Point High School, Bayport, NY",40.754081,-73.050797,0.93,street_center,"Bayport Ave",,"Bayport, NY 11705",,"Bayport Ave",,,Bayport,NY,"Suffolk County",11705,US,"TIGER/Line® dataset from the US Census Bureau"
188,"Location TBA, New York, NY",40.750422,-73.996328,1,place,,,"New York, NY 10001",,,,,"New York",NY,"New York County",10001,US,"TIGER/Line® dataset from the US Census Bureau"
189,"New York, New York, NY",40.703125,-74.010852,1,street_center,"New York Plz",,"New York, NY 10004",,"New York Plz",,,"New York",NY,"New York County",10004,US,"TIGER/Line® dataset from the US Census Bureau"
190,"The Parlour Room, New York, NY",40.713971,-74.002038,0.9,street_center,"Pearl St",,"New York, NY 10007",,"Pearl St",,,"New York",NY,"New York County",10007,US,"TIGER/Line® dataset from the US Census Bureau"
191,"Regus - Buffalo - Key Center - Downtown, Buffalo, NY",42.773495,-78.840362,0.88,street_center,"Riggs St",,"Buffalo, NY 14219",,"Riggs St",,,Buffalo,NY,"Erie County",14219,US,"TIGER/Line® dataset from the US Census Bureau"
192,"Bayport Blue Point High School, Bayport, NY",40.754081,-73.050797,0.93,street_center,"Bayport Ave",,"Bayport, NY 11705",,"Bayport Ave",,,Bayport,NY,"Suffolk County",11705,US,"TIGER/Line® dataset from the US Census Bureau"
193,"New York, New York, NY",40.703125,-74.010852,1,street_center,"New York Plz",,"New York, NY 10004",,"New York Plz",,,"New York",NY,"New York County",10004,US,"TIGER/Line® dataset from the US Census Bureau"
194,"Sewanhaka High School, Elmont, NY",40.902311,-73.516713,0.49,street_center,"Seawanhaka Rd",,"Oyster Bay, NY 11771",,"Seawanhaka Rd",,,"Oyster Bay",NY,"Nassau County",11771,US,"TIGER/Line® dataset from the US Census Bureau"
195,"The Beast Next Door, Queens, NY",40.56424,-73.91237,0.88,street_center,Bayside,,"Breezy Point, NY 11697",,Bayside,,,"Breezy Point",NY,"Queens County",11697,US,"TIGER/Line® dataset from the US Census Bureau"
196,"New York, New York, NY",40.703125,-74.010852,1,street_center,"New York Plz",,"New York, NY 10004",,"New York Plz",,,"New York",NY,"New York County",10004,US,"TIGER/Line® dataset from the US Census Bureau"
197,"Big Ditch Brewing Company, Buffalo, NY",42.896646,-78.837163,0.83,street_center,"Beck St",,"Buffalo, NY 14212",,"Beck St",,,Buffalo,NY,"Erie County",14212,US,"TIGER/Line® dataset from the US Census Bureau"
198,"East Hampton Library, East Hampton, NY",40.983307,-72.172927,1,street_center,"E Hampton Dr",,"East Hampton, NY 11937",,"E Hampton Dr",,,"East Hampton",NY,"Suffolk County",11937,US,"TIGER/Line® dataset from the US Census Bureau"
199,"Five Iron Golf, New York, NY",40.743317,-73.691566,0.51,range_interpolation,"5 Irons Pl",,"New Hyde Park, NY 11040",5,"Irons Pl",,,"New Hyde Park",NY,"Nassau County",11040,US,"TIGER/Line® from the US Census Bureau"
200,"Verizon Executive Education Center, New York, NY",40.750422,-73.996328,1,place,,,"New York, NY 10001",,,,,"New York",NY,"New York County",10001,US,"TIGER/Line® dataset from the US Census Bureau"
201,"One World Trade Center, New York, NY",40.713247,-74.013014,1,rooftop,"1 World Trade Ctr",,"New York, NY 10007",1,"World Trade Ctr",,,"New York",NY,"New York County",10007,US,"City of New York"
202,"Locust Valley High School and Middle School, Locust Valley, NY",40.876682,-73.596104,1,street_center,"Locust Pl",,"Locust Valley, NY 11560",,"Locust Pl",,,"Locust Valley",NY,"Nassau County",11560,US,"TIGER/Line® dataset from the US Census Bureau"
203,"New York Stock Exchange, New York, NY",40.703125,-74.010852,1,street_center,"New York Plz",,"New York, NY 10004",,"New York Plz",,,"New York",NY,"New York County",10004,US,"TIGER/Line® dataset from the US Census Bureau"
204,"Royal Regency Hotel, Yonkers, NY",40.924257,-73.852933,0.93,street_center,"Royal St",,"Yonkers, NY 10704",,"Royal St",,,Yonkers,NY,"Westchester County",10704,US,"TIGER/Line® dataset from the US Census Bureau"
205,"Harvard Club of New York City, New York, NY",40.723941,-73.701242,0.54,street_center,"Harvard St",,"Floral Park, NY 11001",,"Harvard St",,,"Floral Park",NY,"Nassau County",11001,US,"TIGER/Line® dataset from the US Census Bureau"
206,"SUNY Polytechnic Institute, Utica, NY",43.077369,-75.233208,1,place,,,"Utica, NY 13501",,,,,Utica,NY,"Oneida County",13501,US,"TIGER/Line® dataset from the US Census Bureau"
207,"BMO Capital Markets, New York, NY",40.711075,-73.994201,1,street_center,"Market St",,"New York, NY 10002",,"Market St",,,"New York",NY,"New York County",10002,US,"TIGER/Line® dataset from the US Census Bureau"
208,"Javits Center, New York, NY",40.750422,-73.996328,1,place,,,"New York, NY 10001",,,,,"New York",NY,"New York County",10001,US,"TIGER/Line® dataset from the US Census Bureau"
209,"Residence Inn by Marriott New York Manhattan/Times Square, New York, NY",40.750422,-73.996328,1,place,,,"New York, NY 10001",,,,,"New York",NY,"New York County",10001,US,"TIGER/Line® dataset from the US Census Bureau"
210,"El Barrio Artspace PS109, New York, NY",40.750422,-73.996328,1,place,,,"New York, NY 10001",,,,,"New York",NY,"New York County",10001,US,"TIGER/Line® dataset from the US Census Bureau"
211,"The City College of New York, New York, NY",40.703125,-74.010852,1,street_center,"New York Plz",,"New York, NY 10004",,"New York Plz",,,"New York",NY,"New York County",10004,US,"TIGER/Line® dataset from the US Census Bureau"
212,"Whiskey Cellar NYC, New York, NY",40.750422,-73.996328,1,place,,,"New York, NY 10001",,,,,"New York",NY,"New York County",10001,US,"TIGER/Line® dataset from the US Census Bureau"
213,"Big Ditch Brewing Company, Buffalo, NY",42.896646,-78.837163,0.83,street_center,"Beck St",,"Buffalo, NY 14212",,"Beck St",,,Buffalo,NY,"Erie County",14212,US,"TIGER/Line® dataset from the US Census Bureau"
214,"Revel Restaurant & Bar, Garden City, NY",40.9083,-73.54781,0.59,street_center,"Revillo Rd",,"Bayville, NY 11709",,"Revillo Rd",,,Bayville,NY,"Nassau County",11709,US,"TIGER/Line® dataset from the US Census Bureau"
215,"Whiskey Cellar NYC, New York, NY",40.750422,-73.996328,1,place,,,"New York, NY 10001",,,,,"New York",NY,"New York County",10001,US,"TIGER/Line® dataset from the US Census Bureau"
216,"The Pierre, A Taj Hotel, New York, New York, NY",40.735862,-74.001138,0.9,street_center,"Perry St",,"New York, NY 10014",,"Perry St",,,"New York",NY,"New York County",10014,US,"TIGER/Line® dataset from the US Census Bureau"
217,"Revel Restaurant & Bar, Garden City, NY",40.9083,-73.54781,0.59,street_center,"Revillo Rd",,"Bayville, NY 11709",,"Revillo Rd",,,Bayville,NY,"Nassau County",11709,US,"TIGER/Line® dataset from the US Census Bureau"
219,"White Oak Tavern, New York, NY",40.718172,-74.003362,0.93,street_center,"White St",,"New York, NY 10013",,"White St",,,"New York",NY,"New York County",10013,US,"TIGER/Line® dataset from the US Census Bureau"
220,"Renaissance New York Midtown Hotel, New York, NY",40.699699,-73.93475,0.86,street_center,"Renaissance Ct",,"Brooklyn, NY 11206",,"Renaissance Ct",,,Brooklyn,NY,"Kings County",11206,US,"TIGER/Line® dataset from the US Census Bureau"
221,"Arlo Williamsburg, Brooklyn, NY",40.694481,-73.989319,1,place,,,"Brooklyn, NY 11201",,,,,Brooklyn,NY,"Kings County",11201,US,"TIGER/Line® dataset from the US Census Bureau"
222,"NYU 370 Jay Street, Brooklyn, NY",40.692752,-73.987437,1,rooftop,"370 Jay St",,"Brooklyn, NY 11201",370,"Jay St",,,Brooklyn,NY,"Kings County",11201,US,"City of New York"
223,"Fordham University School of Law, New York, NY",40.750422,-73.996328,1,place,,,"New York, NY 10001",,,,,"New York",NY,"New York County",10001,US,"TIGER/Line® dataset from the US Census Bureau"
224,"The Irish American Pub, New York, NY",40.590447,-73.928365,0.71,street_center,"Ira Ct",,"Brooklyn, NY 11229",,"Ira Ct",,,Brooklyn,NY,"Kings County",11229,US,"TIGER/Line® dataset from the US Census Bureau"
225,"Moved to Virtual Event, New York, NY",40.691204,-73.902835,0.74,street_center,"Moffat St",,"Brooklyn, NY 11237",,"Moffat St",,,Brooklyn,NY,"Kings County",11237,US,"TIGER/Line® dataset from the US Census Bureau"
227,"Convene, New York, NY",40.750422,-73.996328,1,place,,,"New York, NY 10001",,,,,"New York",NY,"New York County",10001,US,"TIGER/Line® dataset from the US Census Bureau"
228,"Pier 57, New York, NY",40.750422,-73.996328,0.5,place,,,"New York, NY 10001",,,,,"New York",NY,"New York County",10001,US,"TIGER/Line® dataset from the US Census Bureau"
229,"Mr. Purple, New York, NY",40.60496,-73.956134,0.66,street_center,"Moore Pl",,"Brooklyn, NY 11229",,"Moore Pl",,,Brooklyn,NY,"Kings County",11229,US,"TIGER/Line® dataset from the US Census Bureau"
230,"IPIC Theaters, New York, NY",40.750422,-73.996328,1,place,,,"New York, NY 10001",,,,,"New York",NY,"New York County",10001,US,"TIGER/Line® dataset from the US Census Bureau"
231,"New York, New York, NY",40.703125,-74.010852,1,street_center,"New York Plz",,"New York, NY 10004",,"New York Plz",,,"New York",NY,"New York County",10004,US,"TIGER/Line® dataset from the US Census Bureau"
233,"Genspace, Brooklyn, NY",40.694481,-73.989319,1,place,,,"Brooklyn, NY 11201",,,,,Brooklyn,NY,"Kings County",11201,US,"TIGER/Line® dataset from the US Census Bureau"
234,"Empire State Building, New York, NY",40.703375,-74.014411,0.93,street_center,"State St",,"New York, NY 10004",,"State St",,,"New York",NY,"New York County",10004,US,"TIGER/Line® dataset from the US Census Bureau"
235,"Proskauer Rose LLP, New York, NY",40.750422,-73.996328,1,place,,,"New York, NY 10001",,,,,"New York",NY,"New York County",10001,US,"TIGER/Line® dataset from the US Census Bureau"
236,"No Location finalized, Moving to Online, Buffalo, NY",42.931168,-78.774799,0.83,street_center,"Donlen Rd",,"Buffalo, NY 14225",,"Donlen Rd",,,Buffalo,NY,"Erie County",14225,US,"TIGER/Line® dataset from the US Census Bureau"
237,"The Beast Next Door, Queens, NY",40.56424,-73.91237,0.88,street_center,Bayside,,"Breezy Point, NY 11697",,Bayside,,,"Breezy Point",NY,"Queens County",11697,US,"TIGER/Line® dataset from the US Census Bureau"
238,"New York, New York, NY",40.703125,-74.010852,1,street_center,"New York Plz",,"New York, NY 10004",,"New York Plz",,,"New York",NY,"New York County",10004,US,"TIGER/Line® dataset from the US Census Bureau"
240,"The Irish American Pub, New York, NY",40.590447,-73.928365,0.71,street_center,"Ira Ct",,"Brooklyn, NY 11229",,"Ira Ct",,,Brooklyn,NY,"Kings County",11229,US,"TIGER/Line® dataset from the US Census Bureau"
241,"New York, New York, NY",40.703125,-74.010852,1,street_center,"New York Plz",,"New York, NY 10004",,"New York Plz",,,"New York",NY,"New York County",10004,US,"TIGER/Line® dataset from the US Census Bureau"
242,"The Sheen Center, New York, NY",40.750422,-73.996328,1,place,,,"New York, NY 10001",,,,,"New York",NY,"New York County",10001,US,"TIGER/Line® dataset from the US Census Bureau"
243,"New York, New York, NY",40.703125,-74.010852,1,street_center,"New York Plz",,"New York, NY 10004",,"New York Plz",,,"New York",NY,"New York County",10004,US,"TIGER/Line® dataset from the US Census Bureau"
244,"New York, New York, NY",40.703125,-74.010852,1,street_center,"New York Plz",,"New York, NY 10004",,"New York Plz",,,"New York",NY,"New York County",10004,US,"TIGER/Line® dataset from the US Census Bureau"
245,"Wyndham Hotel, Rochester, NY",43.222283,-77.625215,0.93,street_center,"Wyndham Rd",,"Rochester, NY 14612",,"Wyndham Rd",,,Rochester,NY,"Monroe County",14612,US,"TIGER/Line® dataset from the US Census Bureau"
246,"D4D Studios, New York, NY",40.703375,-74.014411,0.78,street_center,"State St",,"New York, NY 10004",,"State St",,,"New York",NY,"New York County",10004,US,"TIGER/Line® dataset from the US Census Bureau"
247,"Regus - Buffalo - Key Center - Downtown, Buffalo, NY",42.773495,-78.840362,0.88,street_center,"Riggs St",,"Buffalo, NY 14219",,"Riggs St",,,Buffalo,NY,"Erie County",14219,US,"TIGER/Line® dataset from the US Census Bureau"
248,"Whiskey Cellar NYC, New York, NY",40.750422,-73.996328,1,place,,,"New York, NY 10001",,,,,"New York",NY,"New York County",10001,US,"TIGER/Line® dataset from the US Census Bureau"
249,"Sugar Mouse NYC, New York, NY",40.750422,-73.996328,1,place,,,"New York, NY 10001",,,,,"New York",NY,"New York County",10001,US,"TIGER/Line® dataset from the US Census Bureau"
250,"Continental Sports Lounge, New York, NY",40.757541,-73.685493,0.53,street_center,"Continental Dr",,"New Hyde Park, NY 11040",,"Continental Dr",,,"New Hyde Park",NY,"Nassau County",11040,US,"TIGER/Line® dataset from the US Census Bureau"
251,"155 Chandler St, Buffalo, NY",42.943244,-78.885231,1,rooftop,"155 Chandler St",,"Buffalo, NY 14207",155,"Chandler St",,,Buffalo,NY,"Erie County",14207,US,"NYS GIS Program Office, State Geographic Information Officer (GIO)"
252,"Rochester Public Market, Rochester, NY",43.166137,-77.590373,1,street_center,"Rochester Public Market",,"Rochester, NY 14609",,"Rochester Public Market",,,Rochester,NY,"Monroe County",14609,US,"TIGER/Line® dataset from the US Census Bureau"
253,"Arlo Williamsburg, Brooklyn, NY",40.694481,-73.989319,1,place,,,"Brooklyn, NY 11201",,,,,Brooklyn,NY,"Kings County",11201,US,"TIGER/Line® dataset from the US Census Bureau"
254,"Smithfield Hall NYC, New York, NY",40.645883,-73.90383,0.72,street_center,"Smiths Ln",,"Brooklyn, NY 11236",,"Smiths Ln",,,Brooklyn,NY,"Kings County",11236,US,"TIGER/Line® dataset from the US Census Bureau"
255,"New York, New York, NY",40.703125,-74.010852,1,street_center,"New York Plz",,"New York, NY 10004",,"New York Plz",,,"New York",NY,"New York County",10004,US,"TIGER/Line® dataset from the US Census Bureau"
256,"617 W 46th St, New York, NY",40.763884,-73.997389,1,rooftop,"617 W 46th St",,"New York, NY 10036",617,"W 46th St",,,"New York",NY,"New York County",10036,US,"City of New York"
257,"The Beast Next Door, Queens, NY",40.56424,-73.91237,0.88,street_center,Bayside,,"Breezy Point, NY 11697",,Bayside,,,"Breezy Point",NY,"Queens County",11697,US,"TIGER/Line® dataset from the US Census Bureau"
258,"Private Conference Space (see invite for your check-in instruction), New York, NY",40.750422,-73.996328,1,place,,,"New York, NY 10001",,,,,"New York",NY,"New York County",10001,US,"TIGER/Line® dataset from the US Census Bureau"
262,"MJN Convention Center - Mid Hudson Civic Center, Poughkeepsie, NY",41.705323,-73.928418,1,street_center,"Civic Center Plz",,"Poughkeepsie, NY 12601",,"Civic Center Plz",,,Poughkeepsie,NY,"Dutchess County",12601,US,"TIGER/Line® dataset from the US Census Bureau"
263,"At a traffic island across street from, New York, NY",40.728729,-74.005292,0.78,street_center,"Varick St",,"New York, NY 10014",,"Varick St",,,"New York",NY,"New York County",10014,US,"TIGER/Line® dataset from the US Census Bureau"
264,"Indian Ladder Farms Cidery and Brewery, Altamont, NY",42.659308,-74.004989,1,street_center,"Indian Ladder Dr",,"Altamont, NY 12009",,"Indian Ladder Dr",,,Altamont,NY,"Albany County",12009,US,"TIGER/Line® dataset from the US Census Bureau"
265,"The Museum of Interesting Things Secret Speakeasy, New York, NY",40.750422,-73.996328,1,place,,,"New York, NY 10001",,,,,"New York",NY,"New York County",10001,US,"TIGER/Line® dataset from the US Census Bureau"
266,"The Whistling Kettle, Schenectady, NY",42.880035,-73.991321,1,place,,,"Schenectady, NY 12302",,,,,Schenectady,NY,"Schenectady County",12302,US,"TIGER/Line® dataset from the US Census Bureau"
267,"MAMATACO, Brooklyn, NY",40.694481,-73.989319,1,place,,,"Brooklyn, NY 11201",,,,,Brooklyn,NY,"Kings County",11201,US,"TIGER/Line® dataset from the US Census Bureau"
268,"MAMATACO, Brooklyn, NY",40.694481,-73.989319,1,place,,,"Brooklyn, NY 11201",,,,,Brooklyn,NY,"Kings County",11201,US,"TIGER/Line® dataset from the US Census Bureau"
269,"227 E 116th St, New York, NY",40.797606,-73.938789,1,rooftop,"227 E 116th St",,"New York, NY 10029",227,"E 116th St",,,"New York",NY,"New York County",10029,US,"City of New York"
270,"Eastern District, Brooklyn, NY",40.746751,-73.671505,0.62,street_center,"Eastern Dr",,"New Hyde Park, NY 11040",,"Eastern Dr",,,"New Hyde Park",NY,"Nassau County",11040,US,"TIGER/Line® dataset from the US Census Bureau"
271,"This Little Pig, Buffalo, NY",42.89606,-78.886424,1,place,,,"Buffalo, NY 14201",,,,,Buffalo,NY,"Erie County",14201,US,"TIGER/Line® dataset from the US Census Bureau"
272,"MAMATACO, Brooklyn, NY",40.694481,-73.989319,1,place,,,"Brooklyn, NY 11201",,,,,Brooklyn,NY,"Kings County",11201,US,"TIGER/Line® dataset from the US Census Bureau"
273,"Restaurant of the Night, Niagara Falls, NY",43.116661,-79.030325,0.78,street_center,"Nevada Ave",,"Niagara Falls, NY 14305",,"Nevada Ave",,,"Niagara Falls",NY,"Niagara County",14305,US,"TIGER/Line® dataset from the US Census Bureau"
274,"EMMA'S KITCHENS, Hartsdale, NY",41.329844,-73.85754,0.53,street_center,"Emma Ln",,"Mohegan Lake, NY 10547",,"Emma Ln",,,"Mohegan Lake",NY,"Westchester County",10547,US,"TIGER/Line® dataset from the US Census Bureau"
275,"Sweet Catch BK, Brooklyn, NY",40.588788,-73.973486,0.85,street_center,"Bouck Ct",,"Brooklyn, NY 11223",,"Bouck Ct",,,Brooklyn,NY,"Kings County",11223,US,"TIGER/Line® dataset from the US Census Bureau"
276,"MAMATACO, Brooklyn, NY",40.694481,-73.989319,1,place,,,"Brooklyn, NY 11201",,,,,Brooklyn,NY,"Kings County",11201,US,"TIGER/Line® dataset from the US Census Bureau"
277,"Restaurant of the Week, New York, NY",40.755874,-73.956539,0.87,street_center,"West Rd",,"New York, NY 10044",,"West Rd",,,"New York",NY,"New York County",10044,US,"TIGER/Line® dataset from the US Census Bureau"
278,"Talia, Port Chester, NY",40.969663,-73.689088,0.81,street_center,"Dale St",,"Rye, NY 10580",,"Dale St",,,Rye,NY,"Westchester County",10580,US,"TIGER/Line® dataset from the US Census Bureau"
279,"Restaurant of the Week, Brooklyn, NY",40.581855,-73.969666,0.87,street_center,"West Ave",,"Brooklyn, NY 11224",,"West Ave",,,Brooklyn,NY,"Kings County",11224,US,"TIGER/Line® dataset from the US Census Bureau"
280,"Jetty Bar & Grill, Long Beach, NY",40.67113,-73.445828,0.57,street_center,"Judy Ter",,"Massapequa Park, NY 11762",,"Judy Ter",,,"Massapequa Park",NY,"Nassau County",11762,US,"TIGER/Line® dataset from the US Census Bureau"
281,"The Rum Bar BK, Brooklyn, NY",40.584473,-73.972601,0.85,street_center,"Bokee Ct",,"Brooklyn, NY 11223",,"Bokee Ct",,,Brooklyn,NY,"Kings County",11223,US,"TIGER/Line® dataset from the US Census Bureau"
285,"Ciao Evento, New York, NY",40.750422,-73.996328,1,place,,,"New York, NY 10001",,,,,"New York",NY,"New York County",10001,US,"TIGER/Line® dataset from the US Census Bureau"
286,"Richard's Restaurant and Bar, Brooklyn, NY",40.680837,-74.006131,0.93,street_center,"Richards St",,"Brooklyn, NY 11231",,"Richards St",,,Brooklyn,NY,"Kings County",11231,US,"TIGER/Line® dataset from the US Census Bureau"
287,"The General Riley House Speakeasy, East Aurora, NY",42.770269,-78.597299,0.77,street_center,"The Mdw",,"East Aurora, NY 14052",,"The Mdw",,,"East Aurora",NY,"Erie County",14052,US,"TIGER/Line® dataset from the US Census Bureau"
288,"Rory Dolan's Restaurant & Bar, Yonkers, NY",40.924196,-73.892869,0.85,street_center,"Rose Ln",,"Yonkers, NY 10705",,"Rose Ln",,,Yonkers,NY,"Westchester County",10705,US,"TIGER/Line® dataset from the US Census Bureau"
289,"Location provided after booking, Brooklyn, NY",40.694481,-73.989319,1,place,,,"Brooklyn, NY 11201",,,,,Brooklyn,NY,"Kings County",11201,US,"TIGER/Line® dataset from the US Census Bureau"
290,"Restaurant of the Week, Brooklyn, NY",40.581855,-73.969666,0.87,street_center,"West Ave",,"Brooklyn, NY 11224",,"West Ave",,,Brooklyn,NY,"Kings County",11224,US,"TIGER/Line® dataset from the US Census Bureau"
291,"Restaurant of the Week, New York, NY",40.755874,-73.956539,0.87,street_center,"West Rd",,"New York, NY 10044",,"West Rd",,,"New York",NY,"New York County",10044,US,"TIGER/Line® dataset from the US Census Bureau"
292,"Events in East williamsburg, Brooklyn, NY",40.703058,-73.980447,0.9,street_center,"Evans St",,"Brooklyn, NY 11201",,"Evans St",,,Brooklyn,NY,"Kings County",11201,US,"TIGER/Line® dataset from the US Census Bureau"
293,"Blue Bottle Coffee, New York, NY",40.76146,-73.861787,0.72,street_center,"Buell St",,"East Elmhurst, NY 11369",,"Buell St",,,"East Elmhurst",NY,"Queens County",11369,US,"TIGER/Line® dataset from the US Census Bureau"
294,"Gems Bar and Lounge, Brooklyn, NY",40.72497,-73.956543,0.9,street_center,"Gem St",,"Brooklyn, NY 11222",,"Gem St",,,Brooklyn,NY,"Kings County",11222,US,"TIGER/Line® dataset from the US Census Bureau"
295,"Ciao Evento, New York, NY",40.750422,-73.996328,1,place,,,"New York, NY 10001",,,,,"New York",NY,"New York County",10001,US,"TIGER/Line® dataset from the US Census Bureau"
296,"Tanger Outlets - Deer Park, Deer Park, NY",40.772454,-73.337949,1,street_center,"Deer Park Blvd",,"Deer Park, NY 11729",,"Deer Park Blvd",,,"Deer Park",NY,"Suffolk County",11729,US,"TIGER/Line® dataset from the US Census Bureau"
297,"200 E Shore Dr, Massapequa, NY",40.657747,-73.433092,1,rooftop,"200 E Shore Dr",,"Massapequa, NY 11758",200,"E Shore Dr",,,Massapequa,NY,"Nassau County",11758,US,"NYS GIS Program Office, State Geographic Information Officer (GIO)"
298,"12 White St, New York, NY",40.719299,-74.005594,1,rooftop,"12 White St",,"New York, NY 10013",12,"White St",,,"New York",NY,"New York County",10013,US,"City of New York"
299,"Ample Hills Creamery Astoria, Queens, NY",40.758259,-73.667175,0.87,street_center,"Maple Ln",,"New Hyde Park, NY 11040",,"Maple Ln",,,"New Hyde Park",NY,"Nassau County",11040,US,"TIGER/Line® dataset from the US Census Bureau"
300,"Bill's Supper Club, New York, NY",40.646285,-73.982842,0.83,street_center,"Bills Pl",,"Brooklyn, NY 11218",,"Bills Pl",,,Brooklyn,NY,"Kings County",11218,US,"TIGER/Line® dataset from the US Census Bureau"
301,"Restaurant of the Night, New York, NY",40.750422,-73.996328,1,place,,,"New York, NY 10001",,,,,"New York",NY,"New York County",10001,US,"TIGER/Line® dataset from the US Census Bureau"
302,"Village of Victor, Victor, NY",43.038385,-77.399932,0.93,street_center,"Victor Rd",,"Victor, NY 14564",,"Victor Rd",,,Victor,NY,"Monroe County",14564,US,"TIGER/Line® dataset from the US Census Bureau"
303,"Winners Palace Event Hall, Brooklyn, NY",40.683953,-73.88086,0.8,street_center,"Hale Ave",,"Brooklyn, NY 11208",,"Hale Ave",,,Brooklyn,NY,"Kings County",11208,US,"TIGER/Line® dataset from the US Census Bureau"
304,"Franklin Square Market, Saratoga Springs, NY",43.081954,-73.788341,1,street_center,"Franklin Sq",,"Saratoga Springs, NY 12866",,"Franklin Sq",,,"Saratoga Springs",NY,"Saratoga County",12866,US,"TIGER/Line® dataset from the US Census Bureau"
306,"Long Acre Farms, Macedon, NY",43.096894,-77.534211,0.65,street_center,"Long Meadow Cir",,"Pittsford, NY 14534",,"Long Meadow Cir",,,Pittsford,NY,"Monroe County",14534,US,"TIGER/Line® dataset from the US Census Bureau"
307,"Pasticceria Rocco, New York, NY",40.750422,-73.996328,1,place,,,"New York, NY 10001",,,,,"New York",NY,"New York County",10001,US,"TIGER/Line® dataset from the US Census Bureau"
308,"Rebel Sailor Brewing Company and Kitchen, Shortsville, NY",43.000223,-77.436565,0.62,street_center,"Rowley Rd",,"Victor, NY 14564",,"Rowley Rd",,,Victor,NY,"Ontario County",14564,US,"TIGER/Line® dataset from the US Census Bureau"
309,"Restaurant of the Day, Ithaca, NY",42.448624,-76.500909,0.9,street_center,"Dey St",,"Ithaca, NY 14850",,"Dey St",,,Ithaca,NY,"Tompkins County",14850,US,"TIGER/Line® dataset from the US Census Bureau"
310,"Threes Brewing, Brooklyn, NY",40.586129,-73.919921,0.88,street_center,"Dare Ct",,"Brooklyn, NY 11229",,"Dare Ct",,,Brooklyn,NY,"Kings County",11229,US,"TIGER/Line® dataset from the US Census Bureau"
311,"Sergio's, Village of Pelham, NY",40.904538,-73.806277,1,place,,,"Pelham, NY 10803",,,,,Pelham,NY,"Westchester County",10803,US,"TIGER/Line® dataset from the US Census Bureau"
312,"Location provided after booking, New York City, NY",40.750422,-73.996328,1,place,,,"New York, NY 10001",,,,,"New York",NY,"New York County",10001,US,"TIGER/Line® dataset from the US Census Bureau"
313,"The Dome Arena, Henrietta, NY",43.139018,-77.598116,0.69,street_center,"Diem St",,"Rochester, NY 14620",,"Diem St",,,Rochester,NY,"Monroe County",14620,US,"TIGER/Line® dataset from the US Census Bureau"
314,"The Dean NYC, New York, NY",40.716292,-74.007738,0.88,street_center,"Duane St",,"New York, NY 10013",,"Duane St",,,"New York",NY,"New York County",10013,US,"TIGER/Line® dataset from the US Census Bureau"
315,"Parlay Astoria, Queens, NY",40.713971,-74.002038,0.81,street_center,"Pearl St",,"New York, NY 10007",,"Pearl St",,,"New York",NY,"New York County",10007,US,"TIGER/Line® dataset from the US Census Bureau"
316,"Location provided after booking, New York, NY",40.750422,-73.996328,1,place,,,"New York, NY 10001",,,,,"New York",NY,"New York County",10001,US,"TIGER/Line® dataset from the US Census Bureau"
317,"Ingersoll Hall, Brooklyn, NY",40.69232,-73.965688,0.93,street_center,"Hall St",,"Brooklyn, NY 11205",,"Hall St",,,Brooklyn,NY,"Kings County",11205,US,"TIGER/Line® dataset from the US Census Bureau"
318,"Location provided after booking, New York, NY",40.750422,-73.996328,1,place,,,"New York, NY 10001",,,,,"New York",NY,"New York County",10001,US,"TIGER/Line® dataset from the US Census Bureau"
319,"Eataly Soho, New York, NY",40.750422,-73.996328,1,place,,,"New York, NY 10001",,,,,"New York",NY,"New York County",10001,US,"TIGER/Line® dataset from the US Census Bureau"
320,"The National Arts Club, New York, NY",40.604438,-73.908967,0.72,street_center,"National Dr",,"Brooklyn, NY 11234",,"National Dr",,,Brooklyn,NY,"Kings County",11234,US,"TIGER/Line® dataset from the US Census Bureau"
321,"The Naked Pig, New York, NY",40.711343,-73.99208,0.85,street_center,"Pike St",,"New York, NY 10002",,"Pike St",,,"New York",NY,"New York County",10002,US,"TIGER/Line® dataset from the US Census Bureau"
322,"Fini Patio Bar, Brooklyn, NY",40.701747,-73.994041,0.85,street_center,"Vine St",,"Brooklyn, NY 11201",,"Vine St",,,Brooklyn,NY,"Kings County",11201,US,"TIGER/Line® dataset from the US Census Bureau"
323,"MUSAEK, New York, NY",40.714477,-73.999195,0.85,street_center,"Mosco St",,"New York, NY 10013",,"Mosco St",,,"New York",NY,"New York County",10013,US,"TIGER/Line® dataset from the US Census Bureau"
324,"Location provided after booking, New York, NY",40.750422,-73.996328,1,place,,,"New York, NY 10001",,,,,"New York",NY,"New York County",10001,US,"TIGER/Line® dataset from the US Census Bureau"
325,"816 Washington Ave, Brooklyn, NY",40.673441,-73.963089,1,rooftop,"816 Washington Ave",,"Brooklyn, NY 11238",816,"Washington Ave",,,Brooklyn,NY,"Kings County",11238,US,"City of New York"
326,"333 Smith St, Brooklyn, NY",40.680542,-73.994524,1,rooftop,"333 Smith St",,"Brooklyn, NY 11231",333,"Smith St",,,Brooklyn,NY,"Kings County",11231,US,"City of New York"
327,"Jackson Heights, Queens, Queens, NY",40.745289,-73.946997,0.93,street_center,"Jackson Ave",,"Long Island City, NY 11101",,"Jackson Ave",,,"Long Island City",NY,"Queens County",11101,US,"TIGER/Line® dataset from the US Census Bureau"
328,"Ciao Evento, New York, NY",40.750422,-73.996328,1,place,,,"New York, NY 10001",,,,,"New York",NY,"New York County",10001,US,"TIGER/Line® dataset from the US Census Bureau"
329,"Dazzles, South 4th Avenue, Mount Vernon, NY, USA, Mount Vernon, NY",42.749653,-78.892581,0.85,street_center,"Mt Vernon Blvd",,"Hamburg, NY 14075",,"Mt Vernon Blvd",,,Hamburg,NY,"Erie County",14075,US,"TIGER/Line® dataset from the US Census Bureau"
330,"THE DAWSON 39, Manhattan, NY",40.750422,-73.996328,0.5,place,,,"New York, NY 10001",,,,,"New York",NY,"New York County",10001,US,"TIGER/Line® dataset from the US Census Bureau"
331,"Restaurant of the Week, Buffalo, NY",42.897384,-78.819049,0.88,street_center,"Wick St",,"Buffalo, NY 14212",,"Wick St",,,Buffalo,NY,"Erie County",14212,US,"TIGER/Line® dataset from the US Census Bureau"
332,"Columbus Park (Corner of Bayard St & Mulberry St), New York, NY",40.768102,-73.98242,0.93,street_center,"Columbus Cir",,"New York, NY 10023",,"Columbus Cir",,,"New York",NY,"New York County",10023,US,"TIGER/Line® dataset from the US Census Bureau"
333,"608 Georgia Ave, Brooklyn, NY",40.661505,-73.895298,1,rooftop,"608 Georgia Ave",,"Brooklyn, NY 11207",608,"Georgia Ave",,,Brooklyn,NY,"Kings County",11207,US,"City of New York"
334,"526 Amsterdam Ave, New York, NY",40.787319,-73.975284,1,range_interpolation,"526 Amsterdam Ave",,"New York, NY 10024",526,"Amsterdam Ave",,,"New York",NY,"New York County",10024,US,"TIGER/Line® from the US Census Bureau"
335,"Sour Mouse, New York, NY",40.750422,-73.996328,1,place,,,"New York, NY 10001",,,,,"New York",NY,"New York County",10001,US,"TIGER/Line® dataset from the US Census Bureau"
336,"Hello Meadow BK, Brooklyn, NY",40.679668,-73.909753,0.9,street_center,"Hull St",,"Brooklyn, NY 11233",,"Hull St",,,Brooklyn,NY,"Kings County",11233,US,"TIGER/Line® dataset from the US Census Bureau"
337,"Downtown Saratoga Springs, Saratoga Springs, NY",43.094838,-73.817578,0.9,street_center,"Saratoga Blvd",,"Saratoga Springs, NY 12866",,"Saratoga Blvd",,,"Saratoga Springs",NY,"Saratoga County",12866,US,"TIGER/Line® dataset from the US Census Bureau"
338,"Restaurant of the Week, Hempstead, NY",40.705996,-73.616521,0.85,street_center,"Weekes Ave",,"Hempstead, NY 11550",,"Weekes Ave",,,Hempstead,NY,"Nassau County",11550,US,"TIGER/Line® dataset from the US Census Bureau"
339,"Dorsett venue, Brooklyn, NY",40.646243,-73.918782,1,street_center,"Dorset St",,"Brooklyn, NY 11236",,"Dorset St",,,Brooklyn,NY,"Kings County",11236,US,"TIGER/Line® dataset from the US Census Bureau"
340,"The Haven of The Wild, Chittenango, NY",43.076657,-75.747762,0.76,street_center,"The Ter",,"Canastota, NY 13032",,"The Ter",,,Canastota,NY,"Madison County",13032,US,"TIGER/Line® dataset from the US Census Bureau"
341,"Glendoveers, Rochester, NY",43.156612,-77.604023,1,place,,,"Rochester, NY 14604",,,,,Rochester,NY,"Monroe County",14604,US,"TIGER/Line® dataset from the US Census Bureau"
342,"Maison Close Restaurant, New York, NY",40.711839,-73.999096,0.9,street_center,"Madison St",,"New York, NY 10038",,"Madison St",,,"New York",NY,"New York County",10038,US,"TIGER/Line® dataset from the US Census Bureau"
343,"Restaurant of the Week, Leeds, NY",42.25291,-73.89374,1,place,,,"Leeds, NY 12451",,,,,Leeds,NY,"Greene County",12451,US,"TIGER/Line® dataset from the US Census Bureau"
344,"740 5th Ave, Brooklyn, NY",40.659652,-73.995668,1,rooftop,"740 5th Ave",,"Brooklyn, NY 11232",740,"5th Ave",,,Brooklyn,NY,"Kings County",11232,US,"City of New York"
345,"Tony D's, Rochester, NY",43.250757,-77.591827,0.9,street_center,"Tone Ter",,"Rochester, NY 14617",,"Tone Ter",,,Rochester,NY,"Monroe County",14617,US,"TIGER/Line® dataset from the US Census Bureau"
347,"Restaurant of the Week, Brooklyn, NY",40.581855,-73.969666,0.87,street_center,"West Ave",,"Brooklyn, NY 11224",,"West Ave",,,Brooklyn,NY,"Kings County",11224,US,"TIGER/Line® dataset from the US Census Bureau"
348,"Metropolitan Lounge, Buffalo, NY",42.89606,-78.886424,1,place,,,"Buffalo, NY 14201",,,,,Buffalo,NY,"Erie County",14201,US,"TIGER/Line® dataset from the US Census Bureau"
349,"The Bryant Park Hotel, New York, NY",40.668859,-74.002917,0.9,street_center,"Bryant St",,"Brooklyn, NY 11231",,"Bryant St",,,Brooklyn,NY,"Kings County",11231,US,"TIGER/Line® dataset from the US Census Bureau"
350,"Sugar Mouse, New York, NY",40.750422,-73.996328,1,place,,,"New York, NY 10001",,,,,"New York",NY,"New York County",10001,US,"TIGER/Line® dataset from the US Census Bureau"
351,"Bonacci Lounge, Brooklyn, NY",40.694481,-73.989319,1,place,,,"Brooklyn, NY 11201",,,,,Brooklyn,NY,"Kings County",11201,US,"TIGER/Line® dataset from the US Census Bureau"
352,"Savor Vineyards and Wines, Arkport, NY",42.39451,-77.69666,1,place,,,"Arkport, NY 14807",,,,,Arkport,NY,"Steuben County",14807,US,"TIGER/Line® dataset from the US Census Bureau"
353,"1 Stew Leonard Dr, Yonkers, NY",40.972849,-73.862486,1,range_interpolation,"1 Stew Leonard Dr",,"Yonkers, NY 10710",1,"Stew Leonard Dr",,,Yonkers,NY,"Westchester County",10710,US,"TIGER/Line® from the US Census Bureau"
354,"Thousand Islands Winery, Alexandria Bay, NY",44.297635,-75.97704,1,street_center,I-81,,"Alexandria Bay, NY 13607",,I-81,,,"Alexandria Bay",NY,"Jefferson County",13607,US,"OpenStreetMap Contributors"
355,"Cooper's Daughter Spirits at Olde York Farm, Claverack, NY",41.900604,-73.548269,0.53,street_center,"Cooper Rd",,"Millerton, NY 12546",,"Cooper Rd",,,Millerton,NY,"Dutchess County",12546,US,"TIGER/Line® dataset from the US Census Bureau"
356,"428 Sunrise Hwy, Lynbrook, NY",40.655335,-73.672894,1,rooftop,"428 Sunrise Hwy",,"Lynbrook, NY 11563",428,"Sunrise Hwy",,,Lynbrook,NY,"Nassau County",11563,US,"NYS GIS Program Office, State Geographic Information Officer (GIO)"
357,"Ciao Evento, New York, NY",40.750422,-73.996328,1,place,,,"New York, NY 10001",,,,,"New York",NY,"New York County",10001,US,"TIGER/Line® dataset from the US Census Bureau"
358,"Chelsea Industrial, New York, NY",40.750422,-73.996328,1,place,,,"New York, NY 10001",,,,,"New York",NY,"New York County",10001,US,"TIGER/Line® dataset from the US Census Bureau"
359,"Restaurant of the Week, Utica, NY",43.094914,-75.233951,0.87,street_center,"West St",,"Utica, NY 13501",,"West St",,,Utica,NY,"Oneida County",13501,US,"TIGER/Line® dataset from the US Census Bureau"
360,"Location provided after booking, New York, NY",40.750422,-73.996328,1,place,,,"New York, NY 10001",,,,,"New York",NY,"New York County",10001,US,"TIGER/Line® dataset from the US Census Bureau"
361,"Location provided after booking, Brooklyn, NY",40.694481,-73.989319,1,place,,,"Brooklyn, NY 11201",,,,,Brooklyn,NY,"Kings County",11201,US,"TIGER/Line® dataset from the US Census Bureau"
362,"Restaurant of the Week, Rochester, NY",43.156612,-77.604023,1,place,,,"Rochester, NY 14604",,,,,Rochester,NY,"Monroe County",14604,US,"TIGER/Line® dataset from the US Census Bureau"
363,"80 Franklin St, Brooklyn, NY",40.727335,-73.956921,1,rooftop,"80 Franklin St",,"Brooklyn, NY 11222",80,"Franklin St",,,Brooklyn,NY,"Kings County",11222,US,"City of New York"
364,"6339 Main St, Chestertown, NY",43.621315,-73.800999,0.7,street_center,"Main St",,"Chestertown, NY 12817",,"Main St",,,Chestertown,NY,"Warren County",12817,US,"TIGER/Line® dataset from the US Census Bureau"
365,"1125 1st Ave, New York, NY",40.761406,-73.960901,1,rooftop,"1125 1st Ave",,"New York, NY 10065",1125,"1st Ave",,,"New York",NY,"New York County",10065,US,"City of New York"
366,"45 Eastdale Ave N, Poughkeepsie, NY",41.709972,-73.867105,1,rooftop,"45 Eastdale Ave N",,"Poughkeepsie, NY 12603",45,"Eastdale Ave N",,,Poughkeepsie,NY,"Dutchess County",12603,US,"NYS GIS Program Office, State Geographic Information Officer (GIO)"
