id,address,"Geocodio Latitude","Geocodio Longitude","Geocodio Accuracy Score","Geocodio Accuracy Type","Geocodio Address Line 1","Geocodio Address Line 2","Geocodio Address Line 3","Geocodio House Number","Geocodio Street","Geocodio Unit Type","Geocodio Unit Number","Geocodio City","Geocodio State","Geocodio County","Geocodio Postal Code","Geocodio Country","Geocodio Source"
0,"115 E 57th Street, NY",42.913397,-75.596272,1,state,,,NY,,,,,,NY,,,US,"TIGER/Line® dataset from the US Census Bureau"
2,"1460 Broadway, New York, NY",40.754954,-73.986163,1,rooftop,"1460 Broadway",,"New York, NY 10036",1460,Broadway,,,"New York",NY,"New York County",10036,US,"City of New York"
3,"IBM Atrium, New York, NY",40.750422,-73.996328,1,place,,,"New York, NY 10001",,,,,"New York",NY,"New York County",10001,US,"TIGER/Line® dataset from the US Census Bureau"
4,"Serendipity Labs, New York, NY",40.750422,-73.996328,1,place,,,"New York, NY 10001",,,,,"New York",NY,"New York County",10001,US,"TIGER/Line® dataset from the US Census Bureau"
5,"Spin midtown, New York, NY",40.707606,-74.010056,0.8,street_center,"Pine St",,"New York, NY 10005",,"Pine St",,,"New York",NY,"New York County",10005,US,"TIGER/Line® dataset from the US Census Bureau"
6,"The Liberty, New York, NY",40.708168,-74.00882,0.93,street_center,"Liberty St",,"New York, NY 10006",,"Liberty St",,,"New York",NY,"New York County",10006,US,"TIGER/Line® dataset from the US Census Bureau"
7,"Focal Point Beer Co, Queens, New York, NY",40.750422,-73.996328,1,place,,,"New York, NY 10001",,,,,"New York",NY,"New York County",10001,US,"TIGER/Line® dataset from the US Census Bureau"
9,"Astronomer HQ, New York City, NY",40.750422,-73.996328,1,place,,,"New York, NY 10001",,,,,"New York",NY,"New York County",10001,US,"TIGER/Line® dataset from the US Census Bureau"
10,"Gramercy Kitchen, New York, NY",40.737791,-73.986478,0.85,street_center,"Gramercy Park S",,"New York, NY 10003",,"Gramercy Park S",,,"New York",NY,"New York County",10003,US,"TIGER/Line® dataset from the US Census Bureau"
13,"Downtown Galway Hooker, New York, NY",40.750422,-73.996328,1,place,,,"New York, NY 10001",,,,,"New York",NY,"New York County",10001,US,"TIGER/Line® dataset from the US Census Bureau"
14,"THE CLOUD ONE LOUNGE, NEW YORK, NY",40.710421,-74.003985,0.88,street_center,"Gold St",,"New York, NY 10038",,"Gold St",,,"New York",NY,"New York County",10038,US,"TIGER/Line® dataset from the US Census Bureau"
15,"EqualSpace ES550 Tech & Innovation Campus, Newark, New York, NY",40.750422,-73.996328,1,place,,,"New York, NY 10001",,,,,"New York",NY,"New York County",10001,US,"TIGER/Line® dataset from the US Census Bureau"
16,"Sanger Hall, Long Island City, New York, NY",40.750422,-73.996328,1,place,,,"New York, NY 10001",,,,,"New York",NY,"New York County",10001,US,"TIGER/Line® dataset from the US Census Bureau"
17,"New York Public Library - Stephen A. Schwarzman Building, New York, NY",40.703125,-74.010852,1,street_center,"New York Plz",,"New York, NY 10004",,"New York Plz",,,"New York",NY,"New York County",10004,US,"TIGER/Line® dataset from the US Census Bureau"
18,"Beauty & Essex, New York, NY",40.714665,-73.990202,0.93,street_center,"Essex St",,"New York, NY 10002",,"Essex St",,,"New York",NY,"New York County",10002,US,"TIGER/Line® dataset from the US Census Bureau"
19,"MXV2+8H Jersey City, Jersey City, New York, NY",40.750422,-73.996328,1,place,,,"New York, NY 10001",,,,,"New York",NY,"New York County",10001,US,"TIGER/Line® dataset from the US Census Bureau"
20,"The Wilson @ The INNSiDE Hotel, New York, NY",40.692144,-73.910676,0.8,street_center,"Wilson Ave",,"Brooklyn, NY 11221",,"Wilson Ave",,,Brooklyn,NY,"Kings County",11221,US,"TIGER/Line® dataset from the US Census Bureau"
23,"Diner Bar, Queens, New York, NY",40.716292,-74.007738,0.88,street_center,"Duane St",,"New York, NY 10013",,"Duane St",,,"New York",NY,"New York County",10013,US,"TIGER/Line® dataset from the US Census Bureau"
26,"Fabrique Artisan Bakery, New York, NY",40.750422,-73.996328,1,place,,,"New York, NY 10001",,,,,"New York",NY,"New York County",10001,US,"TIGER/Line® dataset from the US Census Bureau"
27,"Court Square Theater, Queens County, New York, NY",40.746182,-73.943245,0.96,street_center,"Court Sq",,"Long Island City, NY 11101",,"Court Sq",,,"Long Island City",NY,"Queens County",11101,US,"TIGER/Line® dataset from the US Census Bureau"
28,"Houghton Hall Arts Community, New York City, NY",40.750422,-73.996328,1,place,,,"New York, NY 10001",,,,,"New York",NY,"New York County",10001,US,"TIGER/Line® dataset from the US Census Bureau"
29,"11 W 19th St, New York, NY",40.739619,-73.992367,1,rooftop,"11 W 19th St",,"New York, NY 10011",11,"W 19th St",,,"New York",NY,"New York County",10011,US,"City of New York"
30,"Shipgarten, McLean, New York, NY",40.750422,-73.996328,1,place,,,"New York, NY 10001",,,,,"New York",NY,"New York County",10001,US,"TIGER/Line® dataset from the US Census Bureau"
33,"Hush, New York, NY",40.750422,-73.996328,1,place,,,"New York, NY 10001",,,,,"New York",NY,"New York County",10001,US,"TIGER/Line® dataset from the US Census Bureau"
34,"Ripley Grier Studios, New York, NY",40.750422,-73.996328,1,place,,,"New York, NY 10001",,,,,"New York",NY,"New York County",10001,US,"TIGER/Line® dataset from the US Census Bureau"
39,"SAINT, New York, NY",40.750422,-73.996328,1,place,,,"New York, NY 10001",,,,,"New York",NY,"New York County",10001,US,"TIGER/Line® dataset from the US Census Bureau"
41,"Court Square Theater, Queens County, New York, NY",40.746182,-73.943245,0.96,street_center,"Court Sq",,"Long Island City, NY 11101",,"Court Sq",,,"Long Island City",NY,"Queens County",11101,US,"TIGER/Line® dataset from the US Census Bureau"
42,"Quest Bookshop, New York, NY",40.733771,-74.000314,0.9,street_center,"Gay St",,"New York, NY 10014",,"Gay St",,,"New York",NY,"New York County",10014,US,"TIGER/Line® dataset from the US Census Bureau"
46,"Seward Park Library, New York, NY",40.750422,-73.996328,1,place,,,"New York, NY 10001",,,,,"New York",NY,"New York County",10001,US,"TIGER/Line® dataset from the US Census Bureau"
47,"Think Coffee (6th Ave), New York, NY",40.744052,-73.991967,1,street_center,"6th Ave",,"New York, NY 10010",,"6th Ave",,,"New York",NY,"New York County",10010,US,"TIGER/Line® dataset from the US Census Bureau"
48,"Producers Club Theaters, New York, NY",40.750422,-73.996328,1,place,,,"New York, NY 10001",,,,,"New York",NY,"New York County",10001,US,"TIGER/Line® dataset from the US Census Bureau"
49,"Producers Club Theaters, New York, NY",40.750422,-73.996328,1,place,,,"New York, NY 10001",,,,,"New York",NY,"New York County",10001,US,"TIGER/Line® dataset from the US Census Bureau"
50,"1626 Broadway, New York, NY",40.76096,-73.984132,1,rooftop,"1626 Broadway",,"New York, NY 10019",1626,Broadway,,,"New York",NY,"New York County",10019,US,"City of New York"
51,"The Charleston, Brooklyn, New York, NY",40.727423,-74.008338,0.88,street_center,"Charlton St",,"New York, NY 10014",,"Charlton St",,,"New York",NY,"New York County",10014,US,"TIGER/Line® dataset from the US Census Bureau"
53,"Pier 57, New York, NY",40.750422,-73.996328,0.5,place,,,"New York, NY 10001",,,,,"New York",NY,"New York County",10001,US,"TIGER/Line® dataset from the US Census Bureau"
54,"NYU/Casa Italiana Zerilli-Marimò, New York, NY",40.750422,-73.996328,1,place,,,"New York, NY 10001",,,,,"New York",NY,"New York County",10001,US,"TIGER/Line® dataset from the US Census Bureau"
57,"Prince Coffee House, Bronx, New York, NY",40.726803,-74.002972,0.93,street_center,"Prince St",,"New York, NY 10012",,"Prince St",,,"New York",NY,"New York County",10012,US,"TIGER/Line® dataset from the US Census Bureau"
59,"New-York Historical Society Museum & Library, New York, NY",40.703125,-74.010852,1,street_center,"New York Plz",,"New York, NY 10004",,"New York Plz",,,"New York",NY,"New York County",10004,US,"TIGER/Line® dataset from the US Census Bureau"
60,"Twist Coffee, Brooklyn, New York, NY",40.675028,-74.010238,0.85,street_center,"Dwight St",,"Brooklyn, NY 11231",,"Dwight St",,,Brooklyn,NY,"Kings County",11231,US,"TIGER/Line® dataset from the US Census Bureau"
61,"Squarrel Cafe, Brooklyn, New York, NY",40.750422,-73.996328,1,place,,,"New York, NY 10001",,,,,"New York",NY,"New York County",10001,US,"TIGER/Line® dataset from the US Census Bureau"
62,"Strong Rope Brewery, Brooklyn, New York, NY",40.685481,-73.997722,0.9,street_center,"Strong Pl",,"Brooklyn, NY 11231",,"Strong Pl",,,Brooklyn,NY,"Kings County",11231,US,"TIGER/Line® dataset from the US Census Bureau"
65,"Brooklyn Public Library-Dyker, Brooklyn, New York, NY",40.712415,-74.004865,0.9,street_center,"Brooklyn Brg",,"New York, NY 10038",,"Brooklyn Brg",,,"New York",NY,"New York County",10038,US,"OpenStreetMap Contributors"
67,"Karaoke at Planet Rose, New York, NY",40.652658,-73.962915,0.76,street_center,"Crooke Ave",,"Brooklyn, NY 11226",,"Crooke Ave",,,Brooklyn,NY,"Kings County",11226,US,"TIGER/Line® dataset from the US Census Bureau"
68,"Gansevoort Peninsula, New York, NY",40.73938,-74.009762,0.93,street_center,"Gansevoort St",,"New York, NY 10014",,"Gansevoort St",,,"New York",NY,"New York County",10014,US,"TIGER/Line® dataset from the US Census Bureau"
69,"Hoboken, Hoboken, New York, NY",40.750422,-73.996328,1,place,,,"New York, NY 10001",,,,,"New York",NY,"New York County",10001,US,"TIGER/Line® dataset from the US Census Bureau"
70,"The Green Room 42, NY",43.20886,-75.383365,1,place,,,"Rome, NY 13440",,,,,Rome,NY,"Oneida County",13440,US,"TIGER/Line® dataset from the US Census Bureau"
72,"115 E 57th Street, NY",42.913397,-75.596272,1,state,,,NY,,,,,,NY,,,US,"TIGER/Line® dataset from the US Census Bureau"
73,"Carmines, New York, NY",40.730453,-74.002077,1,street_center,"Carmine St",,"New York, NY 10014",,"Carmine St",,,"New York",NY,"New York County",10014,US,"TIGER/Line® dataset from the US Census Bureau"
74,"Amsterdam Ale House, New York, NY",40.806638,-73.961185,1,street_center,"Amsterdam Ave",,"New York, NY 10027",,"Amsterdam Ave",,,"New York",NY,"New York County",10027,US,"TIGER/Line® dataset from the US Census Bureau"
75,"Hudson Eats, New York, NY",40.722715,-74.008151,0.93,street_center,"Hudson St",,"New York, NY 10013",,"Hudson St",,,"New York",NY,"New York County",10013,US,"OpenStreetMap Contributors"
76,"Big Apple Chorus, New York, NY",40.867667,-73.926704,0.83,street_center,"Beak St",,"New York, NY 10034",,"Beak St",,,"New York",NY,"New York County",10034,US,"TIGER/Line® dataset from the US Census Bureau"
80,"Essex Market, Manhattan, New York, NY",40.714665,-73.990202,0.93,street_center,"Essex St",,"New York, NY 10002",,"Essex St",,,"New York",NY,"New York County",10002,US,"TIGER/Line® dataset from the US Census Bureau"
81,"Regal Union Square, New York, NY",40.734874,-73.991991,1,street_center,"Union Sq S",,"New York, NY 10003",,"Union Sq S",,,"New York",NY,"New York County",10003,US,"TIGER/Line® dataset from the US Census Bureau"
82,"Central Park South & Avenue of the Americas, New York, NY",40.765123,-73.974935,1,street_center,"Central Park S",,"New York, NY 10019",,"Central Park S",,,"New York",NY,"New York County",10019,US,"TIGER/Line® dataset from the US Census Bureau"
84,"Bermibau, new york, NY",40.750422,-73.996328,1,place,,,"New York, NY 10001",,,,,"New York",NY,"New York County",10001,US,"TIGER/Line® dataset from the US Census Bureau"
85,"Bohemian Spirit, New York, NY",40.750422,-73.996328,1,place,,,"New York, NY 10001",,,,,"New York",NY,"New York County",10001,US,"TIGER/Line® dataset from the US Census Bureau"
86,"Gapstow Bridge, New York, NY",40.703583,-74.012354,0.93,street_center,"Bridge St",,"New York, NY 10004",,"Bridge St",,,"New York",NY,"New York County",10004,US,"TIGER/Line® dataset from the US Census Bureau"
87,"Shake Shack Meatpacking District, New York, NY",40.5572,-73.92511,0.54,street_center,"Tioga Walk",,"Breezy Point, NY 11697",,"Tioga Walk",,,"Breezy Point",NY,"Queens County",11697,US,"TIGER/Line® dataset from the US Census Bureau"
88,"Heart of Gold, Queens, New York, NY",40.702322,-73.922357,0.79,street_center,"Hart St",,"Brooklyn, NY 11237",,"Hart St",,,Brooklyn,NY,"Kings County",11237,US,"TIGER/Line® dataset from the US Census Bureau"
91,"The Hugh, New York, NY",40.750422,-73.996328,1,place,,,"New York, NY 10001",,,,,"New York",NY,"New York County",10001,US,"TIGER/Line® dataset from the US Census Bureau"
96,"The Globe Bar, New York, NY",40.688106,-74.023299,0.83,street_center,"Bear Rd",,"New York, NY 10004",,"Bear Rd",,,"New York",NY,"New York County",10004,US,"TIGER/Line® dataset from the US Census Bureau"
97,"Young Ethel’s, Brooklyn, New York, NY",40.712415,-74.004865,0.9,street_center,"Brooklyn Brg",,"New York, NY 10038",,"Brooklyn Brg",,,"New York",NY,"New York County",10038,US,"OpenStreetMap Contributors"
98,"Central Park entrance @ Central Park South (59th St.) and 6th Ave., New York, NY",40.797925,-73.951698,1,street_center,"Central Park N",,"New York, NY 10026",,"Central Park N",,,"New York",NY,"New York County",10026,US,"TIGER/Line® dataset from the US Census Bureau"
100,"The Rock Church - Queens, Elmhurst, New York, NY",40.704126,-73.932122,0.86,street_center,"Rock St",,"Brooklyn, NY 11206",,"Rock St",,,Brooklyn,NY,"Kings County",11206,US,"TIGER/Line® dataset from the US Census Bureau"
101,"outro nyc, New York, NY",40.750422,-73.996328,1,place,,,"New York, NY 10001",,,,,"New York",NY,"New York County",10001,US,"TIGER/Line® dataset from the US Census Bureau"
102,"Sip & Play, Brooklyn, New York, NY",40.712415,-74.004865,0.9,street_center,"Brooklyn Brg",,"New York, NY 10038",,"Brooklyn Brg",,,"New York",NY,"New York County",10038,US,"OpenStreetMap Contributors"
104,"The Africa Center, New York, NY",40.750422,-73.996328,1,place,,,"New York, NY 10001",,,,,"New York",NY,"New York County",10001,US,"TIGER/Line® dataset from the US Census Bureau"
105,"Bethesda Terrace, New York, NY",40.750422,-73.996328,1,place,,,"New York, NY 10001",,,,,"New York",NY,"New York County",10001,US,"TIGER/Line® dataset from the US Census Bureau"
107,"Berry Park, NY",40.762574,-73.323061,1,place,,,"Deer Park, NY 11729",,,,,"Deer Park",NY,"Suffolk County",11729,US,"TIGER/Line® dataset from the US Census Bureau"
110,"110 E 55th St 12th floor, New York, NY",40.759958,-73.971107,1,rooftop,"110 E 55th St","Fl 12","New York, NY 10022",110,"E 55th St",Fl,12,"New York",NY,"New York County",10022,US,"City of New York"
111,"Queen Margherita Trattoria, Nutley, New York, NY",40.760942,-73.673494,0.5,street_center,"Queens Ln",,"New Hyde Park, NY 11040",,"Queens Ln",,,"New Hyde Park",NY,"Nassau County",11040,US,"TIGER/Line® dataset from the US Census Bureau"
112,"Bar Primi Penn District, New York, NY",40.688106,-74.023299,0.88,street_center,"Bear Rd",,"New York, NY 10004",,"Bear Rd",,,"New York",NY,"New York County",10004,US,"TIGER/Line® dataset from the US Census Bureau"
113,"Squarrel Cafe, Brooklyn, New York, NY",40.750422,-73.996328,1,place,,,"New York, NY 10001",,,,,"New York",NY,"New York County",10001,US,"TIGER/Line® dataset from the US Census Bureau"
115,"92nd Street Y, New York, NY",40.600703,-73.961679,0.61,nearest_rooftop_match,"925 Ave T",Y,"Brooklyn, NY 11223",925,"Ave T",,Y,Brooklyn,NY,"Kings County",11223,US,"City of New York"
116,"The Center for Fiction, Brooklyn, New York, NY",40.582976,-73.95811,0.63,street_center,"Guider Ave",,"Brooklyn, NY 11235",,"Guider Ave",,,Brooklyn,NY,"Kings County",11235,US,"TIGER/Line® dataset from the US Census Bureau"
118,"The Sleeping Cat, New York, NY",40.750422,-73.996328,1,place,,,"New York, NY 10001",,,,,"New York",NY,"New York County",10001,US,"TIGER/Line® dataset from the US Census Bureau"
120,"Bedford Library, Brooklyn, New York, NY",40.729601,-74.003807,0.93,street_center,"Bedford St",,"New York, NY 10014",,"Bedford St",,,"New York",NY,"New York County",10014,US,"TIGER/Line® dataset from the US Census Bureau"
121,"Go Hard Dance Studio, New York, NY",40.733771,-74.000314,0.85,street_center,"Gay St",,"New York, NY 10014",,"Gay St",,,"New York",NY,"New York County",10014,US,"TIGER/Line® dataset from the US Census Bureau"
122,"Amazon Go - Brookfield Place, New York City, NY",40.750422,-73.996328,1,place,,,"New York, NY 10001",,,,,"New York",NY,"New York County",10001,US,"TIGER/Line® dataset from the US Census Bureau"
123,"Phebes, New York, NY",40.750422,-73.996328,1,place,,,"New York, NY 10001",,,,,"New York",NY,"New York County",10001,US,"TIGER/Line® dataset from the US Census Bureau"
124,"TALEA Beer Co. - Cobble Hill, Brooklyn, New York, NY",40.750422,-73.996328,1,place,,,"New York, NY 10001",,,,,"New York",NY,"New York County",10001,US,"TIGER/Line® dataset from the US Census Bureau"
125,"Cobblestone's Pub, Forest Hills, New York, NY",40.750422,-73.996328,1,place,,,"New York, NY 10001",,,,,"New York",NY,"New York County",10001,US,"TIGER/Line® dataset from the US Census Bureau"
126,"Buunni Coffee - Inwood, New York, NY",40.750422,-73.996328,1,place,,,"New York, NY 10001",,,,,"New York",NY,"New York County",10001,US,"TIGER/Line® dataset from the US Census Bureau"
128,"Pier 57, New York, NY",40.750422,-73.996328,0.5,place,,,"New York, NY 10001",,,,,"New York",NY,"New York County",10001,US,"TIGER/Line® dataset from the US Census Bureau"
129,"269 4th Ave, Brooklyn, New York, NY",40.735092,-73.990105,1,range_interpolation,"269 4th Ave",,"New York, NY 10003",269,"4th Ave",,,"New York",NY,"New York County",10003,US,"TIGER/Line® from the US Census Bureau"
133,"Luliano’s, Kings County, New York, NY",40.750422,-73.996328,1,place,,,"New York, NY 10001",,,,,"New York",NY,"New York County",10001,US,"TIGER/Line® dataset from the US Census Bureau"
138,"Berry Park, NY",40.762574,-73.323061,1,place,,,"Deer Park, NY 11729",,,,,"Deer Park",NY,"Suffolk County",11729,US,"TIGER/Line® dataset from the US Census Bureau"
139,"Hack Manhattan, New York, NY",40.750422,-73.996328,1,place,,,"New York, NY 10001",,,,,"New York",NY,"New York County",10001,US,"TIGER/Line® dataset from the US Census Bureau"
141,"Secret Restaurant Location in Midtown/Lower Manhattan/Willamsburg, New York, NY",40.717143,-73.984257,0.85,street_center,"Williamsburg Brg",,"New York, NY 10002",,"Williamsburg Brg",,,"New York",NY,"New York County",10002,US,"OpenStreetMap Contributors"
142,"110 E 55th St 12th floor, New York, NY",40.759958,-73.971107,1,rooftop,"110 E 55th St","Fl 12","New York, NY 10022",110,"E 55th St",Fl,12,"New York",NY,"New York County",10022,US,"City of New York"
143,"Modern Dynamic Pilates, New York, NY",40.707319,-74.006107,0.9,street_center,"Platt St",,"New York, NY 10038",,"Platt St",,,"New York",NY,"New York County",10038,US,"TIGER/Line® dataset from the US Census Bureau"
144,"Sanger Hall, Long Island City, New York, NY",40.750422,-73.996328,1,place,,,"New York, NY 10001",,,,,"New York",NY,"New York County",10001,US,"TIGER/Line® dataset from the US Census Bureau"
148,"Madison Square Garden, New York, NY",40.711839,-73.999096,1,street_center,"Madison St",,"New York, NY 10038",,"Madison St",,,"New York",NY,"New York County",10038,US,"TIGER/Line® dataset from the US Census Bureau"
149,"Bowery Road, New York, NY",40.720053,-73.99415,1,street_center,Bowery,,"New York, NY 10012",,Bowery,,,"New York",NY,"New York County",10012,US,"TIGER/Line® dataset from the US Census Bureau"
150,"The Tippler, New York, NY",40.750422,-73.996328,1,place,,,"New York, NY 10001",,,,,"New York",NY,"New York County",10001,US,"TIGER/Line® dataset from the US Census Bureau"
151,"The Wilson @ The INNSiDE Hotel, New York, NY",40.692144,-73.910676,0.8,street_center,"Wilson Ave",,"Brooklyn, NY 11221",,"Wilson Ave",,,Brooklyn,NY,"Kings County",11221,US,"TIGER/Line® dataset from the US Census Bureau"
153,"Hex & Company, New York, NY",40.750422,-73.996328,1,place,,,"New York, NY 10001",,,,,"New York",NY,"New York County",10001,US,"TIGER/Line® dataset from the US Census Bureau"
155,"Starbucks, New York, NY",40.750422,-73.996328,1,place,,,"New York, NY 10001",,,,,"New York",NY,"New York County",10001,US,"TIGER/Line® dataset from the US Census Bureau"
157,"Chelsea, New York City, NY",40.750422,-73.996328,1,place,,,"New York, NY 10001",,,,,"New York",NY,"New York County",10001,US,"TIGER/Line® dataset from the US Census Bureau"
158,"Chelsea Market, New York, NY",40.750422,-73.996328,1,place,,,"New York, NY 10001",,,,,"New York",NY,"New York County",10001,US,"TIGER/Line® dataset from the US Census Bureau"
159,"Serendipity Labs, New York, NY",40.750422,-73.996328,1,place,,,"New York, NY 10001",,,,,"New York",NY,"New York County",10001,US,"TIGER/Line® dataset from the US Census Bureau"
160,"The Rose, New York, NY",40.644174,-73.907433,0.74,street_center,"Rose St",,"Brooklyn, NY 11236",,"Rose St",,,Brooklyn,NY,"Kings County",11236,US,"TIGER/Line® dataset from the US Census Bureau"
161,"34 W 37th St unit 2r, New York, NY",40.750953,-73.984932,1,rooftop,"34 W 37th St","Fl 2","New York, NY 10018",34,"W 37th St",Fl,2,"New York",NY,"New York County",10018,US,"City of New York"
162,"The Perfect Pint - Eastside Location, New York, NY",40.750422,-73.996328,1,place,,,"New York, NY 10001",,,,,"New York",NY,"New York County",10001,US,"TIGER/Line® dataset from the US Census Bureau"
164,"Viam, new york, NY",40.750422,-73.996328,1,place,,,"New York, NY 10001",,,,,"New York",NY,"New York County",10001,US,"TIGER/Line® dataset from the US Census Bureau"
166,"Vesuvio Pizzeria & Restaurant, Brooklyn, New York, NY",40.712415,-74.004865,0.9,street_center,"Brooklyn Brg",,"New York, NY 10038",,"Brooklyn Brg",,,"New York",NY,"New York County",10038,US,"OpenStreetMap Contributors"
168,"875 Third Avenue atrium, New York, NY",40.757116,-73.969572,1,rooftop,"875 3rd Ave",,"New York, NY 10022",875,"3rd Ave",,,"New York",NY,"New York County",10022,US,"City of New York"
170,"167 E Broadway, New York, NY",40.713972,-73.989868,1,rooftop,"167 E Broadway",,"New York, NY 10002",167,"E Broadway",,,"New York",NY,"New York County",10002,US,"City of New York"
171,"Jefferson Market Library, Manhattan, New York, NY",40.71314,-73.988542,0.93,street_center,"Jefferson St",,"New York, NY 10002",,"Jefferson St",,,"New York",NY,"New York County",10002,US,"TIGER/Line® dataset from the US Census Bureau"
175,"Fat Cat Fab Lab, New York, NY",40.613058,-74.026858,0.77,street_center,"Ft Hill Pl",,"Brooklyn, NY 11228",,"Ft Hill Pl",,,Brooklyn,NY,"Kings County",11228,US,"TIGER/Line® dataset from the US Census Bureau"
178,"Hack Manhattan, New York, NY",40.750422,-73.996328,1,place,,,"New York, NY 10001",,,,,"New York",NY,"New York County",10001,US,"TIGER/Line® dataset from the US Census Bureau"
179,"THE DAWSON 39, Manhattan, New York, NY",40.796407,-73.963344,0.9,range_interpolation,"39 Manhattan Ave",,"New York, NY 10025",39,"Manhattan Ave",,,"New York",NY,"New York County",10025,US,"TIGER/Line® from the US Census Bureau"
180,"New York Public Library, New York, NY",40.703125,-74.010852,1,street_center,"New York Plz",,"New York, NY 10004",,"New York Plz",,,"New York",NY,"New York County",10004,US,"TIGER/Line® dataset from the US Census Bureau"
181,"Bryant Park, New York, NY",40.668859,-74.002917,0.9,street_center,"Bryant St",,"Brooklyn, NY 11231",,"Bryant St",,,Brooklyn,NY,"Kings County",11231,US,"TIGER/Line® dataset from the US Census Bureau"
182,"The Uncommons, New York, NY",40.750422,-73.996328,1,place,,,"New York, NY 10001",,,,,"New York",NY,"New York County",10001,US,"TIGER/Line® dataset from the US Census Bureau"
183,"The Folly, New York, NY",40.738846,-73.670119,0.48,street_center,"Villa Pl",,"New Hyde Park, NY 11040",,"Villa Pl",,,"New Hyde Park",NY,"Nassau County",11040,US,"TIGER/Line® dataset from the US Census Bureau"
184,"TBD, Queens, NY, Queens",40.745263,-73.711159,0.6,place,,,"Queens, NY 11004",,,,,Queens,NY,"Queens County",11004,US,"TIGER/Line® dataset from the US Census Bureau"
185,"Woorjip, New York, NY",40.750422,-73.996328,1,place,,,"New York, NY 10001",,,,,"New York",NY,"New York County",10001,US,"TIGER/Line® dataset from the US Census Bureau"
187,"The Hugh, New York, NY",40.750422,-73.996328,1,place,,,"New York, NY 10001",,,,,"New York",NY,"New York County",10001,US,"TIGER/Line® dataset from the US Census Bureau"
189,"Phebes, New York, NY",40.750422,-73.996328,1,place,,,"New York, NY 10001",,,,,"New York",NY,"New York County",10001,US,"TIGER/Line® dataset from the US Census Bureau"
190,"Dunkin' Donuts, Queens County, New York, NY",40.750422,-73.996328,1,place,,,"New York, NY 10001",,,,,"New York",NY,"New York County",10001,US,"TIGER/Line® dataset from the US Census Bureau"
193,"Ben B.'s place, New York, NY",40.721813,-73.983587,0.9,street_center,"Ave B",,"New York, NY 10009",,"Ave B",,,"New York",NY,"New York County",10009,US,"TIGER/Line® dataset from the US Census Bureau"
194,"Inside GCT Entrance at 42nd St & Vanderbilt Ave, New York, NY",40.754033,-73.977203,1,street_center,"Vanderbilt Ave",,"New York, NY 10017",,"Vanderbilt Ave",,,"New York",NY,"New York County",10017,US,"TIGER/Line® dataset from the US Census Bureau"
195,"Flûte Midtown, New York, NY",40.693056,-73.981712,0.84,street_center,"Fleet Pl",,"Brooklyn, NY 11201",,"Fleet Pl",,,Brooklyn,NY,"Kings County",11201,US,"TIGER/Line® dataset from the US Census Bureau"
198,"Dive 75, New York, NY",40.750422,-73.996328,0.5,place,,,"New York, NY 10001",,,,,"New York",NY,"New York County",10001,US,"TIGER/Line® dataset from the US Census Bureau"
200,"343 Labs NYC, New York, NY",40.729211,-73.978063,0.61,nearest_rooftop_match,"229 Ave B",,"New York, NY 10009",229,"Ave B",,,"New York",NY,"New York County",10009,US,"City of New York"
207,"Film Forum, New York, NY",40.750422,-73.996328,1,place,,,"New York, NY 10001",,,,,"New York",NY,"New York County",10001,US,"TIGER/Line® dataset from the US Census Bureau"
208,"UKA OMAKASE, New York, NY",40.750422,-73.996328,1,place,,,"New York, NY 10001",,,,,"New York",NY,"New York County",10001,US,"TIGER/Line® dataset from the US Census Bureau"
209,"New York Transit Museum, Brooklyn, NY",40.677862,-73.946964,1,street_center,"New York Ave",,"Brooklyn, NY 11216",,"New York Ave",,,Brooklyn,NY,"Kings County",11216,US,"TIGER/Line® dataset from the US Census Bureau"
210,"Industry Bar NYC, New York, NY",40.750422,-73.996328,1,place,,,"New York, NY 10001",,,,,"New York",NY,"New York County",10001,US,"TIGER/Line® dataset from the US Census Bureau"
211,"La Grande Boucherie, New York, NY",40.721046,-74.001054,0.85,street_center,"Grand St",,"New York, NY 10013",,"Grand St",,,"New York",NY,"New York County",10013,US,"TIGER/Line® dataset from the US Census Bureau"
212,"Squarrel Cafe, Brooklyn, New York, NY",40.750422,-73.996328,1,place,,,"New York, NY 10001",,,,,"New York",NY,"New York County",10001,US,"TIGER/Line® dataset from the US Census Bureau"
213,"Tavern On the Green, New York, NY",40.721111,-73.691875,0.49,street_center,"Fern St",,"Floral Park, NY 11001",,"Fern St",,,"Floral Park",NY,"Nassau County",11001,US,"TIGER/Line® dataset from the US Census Bureau"
215,"Inside GCT Entrance at 42nd St & Vanderbilt Ave, New York, NY",40.754033,-73.977203,1,street_center,"Vanderbilt Ave",,"New York, NY 10017",,"Vanderbilt Ave",,,"New York",NY,"New York County",10017,US,"TIGER/Line® dataset from the US Census Bureau"
216,"318 3rd Ave, New York, NY",40.739479,-73.982902,1,rooftop,"318 3rd Ave",,"New York, NY 10010",318,"3rd Ave",,,"New York",NY,"New York County",10010,US,"City of New York"
218,"Pier 57, New York, NY",40.750422,-73.996328,0.5,place,,,"New York, NY 10001",,,,,"New York",NY,"New York County",10001,US,"TIGER/Line® dataset from the US Census Bureau"
219,"Valhalla NYC, New York, NY",40.750422,-73.996328,1,place,,,"New York, NY 10001",,,,,"New York",NY,"New York County",10001,US,"TIGER/Line® dataset from the US Census Bureau"
220,"MoMA, New York, NY",40.750422,-73.996328,1,place,,,"New York, NY 10001",,,,,"New York",NY,"New York County",10001,US,"TIGER/Line® dataset from the US Census Bureau"
224,"Spicy moon bowery, New York City, NY",40.720053,-73.99415,1,street_center,Bowery,,"New York, NY 10012",,Bowery,,,"New York",NY,"New York County",10012,US,"TIGER/Line® dataset from the US Census Bureau"
225,"Michiko Rehearsal Studios, New York, NY",40.750422,-73.996328,1,place,,,"New York, NY 10001",,,,,"New York",NY,"New York County",10001,US,"TIGER/Line® dataset from the US Census Bureau"
228,"Museum at FIT, New York, NY",40.750422,-73.996328,1,place,,,"New York, NY 10001",,,,,"New York",NY,"New York County",10001,US,"TIGER/Line® dataset from the US Census Bureau"
230,"42nd Street & Broadway, New York, NY",40.755819,-73.986425,1,intersection,"Broadway and W 42nd St",,"New York, NY 10036",,Broadway,,,"New York",NY,"New York County",10036,US,"© OpenStreetMap contributors"
231,"Inca Paisa, Queens County, New York, NY",40.750422,-73.996328,1,place,,,"New York, NY 10001",,,,,"New York",NY,"New York County",10001,US,"TIGER/Line® dataset from the US Census Bureau"
232,"Community Center, New York, NY",40.750422,-73.996328,1,place,,,"New York, NY 10001",,,,,"New York",NY,"New York County",10001,US,"TIGER/Line® dataset from the US Census Bureau"
233,"The Hugh, New York, NY",40.750422,-73.996328,1,place,,,"New York, NY 10001",,,,,"New York",NY,"New York County",10001,US,"TIGER/Line® dataset from the US Census Bureau"
236,"Mount Vernon Hotel Museum & Garden, New York, NY",40.730414,-74.001352,0.8,street_center,"Minetta Ln",,"New York, NY 10012",,"Minetta Ln",,,"New York",NY,"New York County",10012,US,"TIGER/Line® dataset from the US Census Bureau"
237,"Metropolitan Museum of Art, New York, NY",40.713004,-73.876593,0.74,street_center,"Metropolitan Ave",,"Middle Village, NY 11379",,"Metropolitan Ave",,,"Middle Village",NY,"Queens County",11379,US,"TIGER/Line® dataset from the US Census Bureau"
239,"The Half Pint / Ernie's Bar, New York, NY",40.69232,-73.965688,0.85,street_center,"Hall St",,"Brooklyn, NY 11205",,"Hall St",,,Brooklyn,NY,"Kings County",11205,US,"TIGER/Line® dataset from the US Census Bureau"
241,"The Rose, New York, NY",40.644174,-73.907433,0.74,street_center,"Rose St",,"Brooklyn, NY 11236",,"Rose St",,,Brooklyn,NY,"Kings County",11236,US,"TIGER/Line® dataset from the US Census Bureau"
242,"Location to be announced to all who RSVP, Manhattan, New York, NY",40.750422,-73.996328,1,place,,,"New York, NY 10001",,,,,"New York",NY,"New York County",10001,US,"TIGER/Line® dataset from the US Census Bureau"
243,"Crea8ive locations, New york, NY",40.750422,-73.996328,1,place,,,"New York, NY 10001",,,,,"New York",NY,"New York County",10001,US,"TIGER/Line® dataset from the US Census Bureau"
244,"Ideal Glass Studios, New York, NY",40.581797,-73.957906,0.73,street_center,"Ide Ct",,"Brooklyn, NY 11235",,"Ide Ct",,,Brooklyn,NY,"Kings County",11235,US,"TIGER/Line® dataset from the US Census Bureau"
245,"The Museum at FIT, New York, NY",40.750422,-73.996328,1,place,,,"New York, NY 10001",,,,,"New York",NY,"New York County",10001,US,"TIGER/Line® dataset from the US Census Bureau"
246,"447 Broadway, New York, NY",40.720448,-74.001181,1,rooftop,"447 Broadway",,"New York, NY 10013",447,Broadway,,,"New York",NY,"New York County",10013,US,"City of New York"
247,"Astoria Park Track, Astoria, New York, NY",40.729964,-73.992134,0.93,street_center,"Astor Pl",,"New York, NY 10003",,"Astor Pl",,,"New York",NY,"New York County",10003,US,"TIGER/Line® dataset from the US Census Bureau"
248,"16 W 61st St, Manhattan, NY 10023, Manhattan",40.769939,-73.982804,1,rooftop,"16 W 61st St",,"New York, NY 10023",16,"W 61st St",,,"New York",NY,"New York County",10023,US,"City of New York"
253,"Lulla, New York, NY",40.813138,-73.958118,0.83,street_center,"La Salle St",,"New York, NY 10027",,"La Salle St",,,"New York",NY,"New York County",10027,US,"TIGER/Line® dataset from the US Census Bureau"
255,"Uncle Charlie's, New York, NY",40.734363,-74.009268,0.9,street_center,"Charles Ln",,"New York, NY 10014",,"Charles Ln",,,"New York",NY,"New York County",10014,US,"TIGER/Line® dataset from the US Census Bureau"
256,"Le Baratin, New York, NY",40.62438,-73.917334,0.72,street_center,"Ave L",,"Brooklyn, NY 11234",,"Ave L",,,Brooklyn,NY,"Kings County",11234,US,"TIGER/Line® dataset from the US Census Bureau"
257,"The Yard: Herald Square, New York, NY",40.750422,-73.996328,1,place,,,"New York, NY 10001",,,,,"New York",NY,"New York County",10001,US,"TIGER/Line® dataset from the US Census Bureau"
258,"Sour Mouse, Manhattan, New York, NY",40.750422,-73.996328,1,place,,,"New York, NY 10001",,,,,"New York",NY,"New York County",10001,US,"TIGER/Line® dataset from the US Census Bureau"
259,"Hack Manhattan, New York, NY",40.750422,-73.996328,1,place,,,"New York, NY 10001",,,,,"New York",NY,"New York County",10001,US,"TIGER/Line® dataset from the US Census Bureau"
260,"Church of Sweden, New York, NY",40.715716,-74.00732,0.93,street_center,"Church St",,"New York, NY 10013",,"Church St",,,"New York",NY,"New York County",10013,US,"TIGER/Line® dataset from the US Census Bureau"
261,"Chelsea Waterside Park, New York, NY",40.737982,-73.973635,0.93,street_center,"Waterside Plz",,"New York, NY 10010",,"Waterside Plz",,,"New York",NY,"New York County",10010,US,"TIGER/Line® dataset from the US Census Bureau"
262,"BrainStation, New York, NY",40.750422,-73.996328,1,place,,,"New York, NY 10001",,,,,"New York",NY,"New York County",10001,US,"TIGER/Line® dataset from the US Census Bureau"
263,"The Keg Room, New York, NY",40.702801,-74.012364,0.8,street_center,"Moore St",,"New York, NY 10004",,"Moore St",,,"New York",NY,"New York County",10004,US,"TIGER/Line® dataset from the US Census Bureau"
266,"Penn Station, New York, NY",40.749404,-73.991785,0.93,street_center,"Penn Plz",,"New York, NY 10121",,"Penn Plz",,,"New York",NY,"New York County",10121,US,"TIGER/Line® dataset from the US Census Bureau"
267,"Playhouse, New York, NY",40.750422,-73.996328,1,place,,,"New York, NY 10001",,,,,"New York",NY,"New York County",10001,US,"TIGER/Line® dataset from the US Census Bureau"
268,"Aloft Hotel, Manhattan, New York, NY",40.750422,-73.996328,1,place,,,"New York, NY 10001",,,,,"New York",NY,"New York County",10001,US,"TIGER/Line® dataset from the US Census Bureau"
273,"EqualSpace ES550 Tech & Innovation Campus, Newark, New York, NY",40.750422,-73.996328,1,place,,,"New York, NY 10001",,,,,"New York",NY,"New York County",10001,US,"TIGER/Line® dataset from the US Census Bureau"
275,"Brookfield Place, New York, NY",40.757935,-73.679731,0.6,street_center,"Brookfield Rd",,"New Hyde Park, NY 11040",,"Brookfield Rd",,,"New Hyde Park",NY,"Nassau County",11040,US,"TIGER/Line® dataset from the US Census Bureau"
277,"1540 Broadway, New York, NY",40.757855,-73.985011,1,rooftop,"1540 Broadway",,"New York, NY 10036",1540,Broadway,,,"New York",NY,"New York County",10036,US,"City of New York"
278,"Glimpse office, new york, NY",40.750422,-73.996328,1,place,,,"New York, NY 10001",,,,,"New York",NY,"New York County",10001,US,"TIGER/Line® dataset from the US Census Bureau"
279,"69 Lefante Way, New York City, NY",40.750422,-73.996328,0.5,place,,,"New York, NY 10001",,,,,"New York",NY,"New York County",10001,US,"TIGER/Line® dataset from the US Census Bureau"
280,"Ivan Ramen, New York, NY",40.586739,-73.923859,0.74,street_center,"Ivan Ct",,"Brooklyn, NY 11229",,"Ivan Ct",,,Brooklyn,NY,"Kings County",11229,US,"TIGER/Line® dataset from the US Census Bureau"
282,"Fogo de Chao - Bar area, New York, NY",40.6331,-73.978135,0.83,street_center,"Ave F",,"Brooklyn, NY 11218",,"Ave F",,,Brooklyn,NY,"Kings County",11218,US,"TIGER/Line® dataset from the US Census Bureau"
283,"Nook, Brooklyn, New York, NY",40.712415,-74.004865,0.9,street_center,"Brooklyn Brg",,"New York, NY 10038",,"Brooklyn Brg",,,"New York",NY,"New York County",10038,US,"OpenStreetMap Contributors"
285,"Josie Wood's Pub, New York, NY",40.750422,-73.996328,1,place,,,"New York, NY 10001",,,,,"New York",NY,"New York County",10001,US,"TIGER/Line® dataset from the US Census Bureau"
287,"Ainslie Bowery, New York, NY",40.720053,-73.99415,1,street_center,Bowery,,"New York, NY 10012",,Bowery,,,"New York",NY,"New York County",10012,US,"TIGER/Line® dataset from the US Census Bureau"
288,"The Immigrant, New York, NY",40.750422,-73.996328,1,place,,,"New York, NY 10001",,,,,"New York",NY,"New York County",10001,US,"TIGER/Line® dataset from the US Census Bureau"
289,"Scandinavia House, New York, NY",40.750422,-73.996328,1,place,,,"New York, NY 10001",,,,,"New York",NY,"New York County",10001,US,"TIGER/Line® dataset from the US Census Bureau"
290,"High School on Center Blvd (aka Academy for Careers in Television and Film), Long Island City, New York, NY",40.699243,-73.987395,0.89,street_center,"High St",,"Brooklyn, NY 11201",,"High St",,,Brooklyn,NY,"Kings County",11201,US,"TIGER/Line® dataset from the US Census Bureau"
291,"The Volley Ball Courts - Central Park Bandshell, New York, NY",40.750422,-73.996328,1,place,,,"New York, NY 10001",,,,,"New York",NY,"New York County",10001,US,"TIGER/Line® dataset from the US Census Bureau"
292,"Hotel Chantelle, New York, NY",40.750422,-73.996328,1,place,,,"New York, NY 10001",,,,,"New York",NY,"New York County",10001,US,"TIGER/Line® dataset from the US Census Bureau"
294,"Brookfield Place, New York, NY",40.757935,-73.679731,0.6,street_center,"Brookfield Rd",,"New Hyde Park, NY 11040",,"Brookfield Rd",,,"New Hyde Park",NY,"Nassau County",11040,US,"TIGER/Line® dataset from the US Census Bureau"
295,"Madison Square Garden, New York, NY",40.711839,-73.999096,1,street_center,"Madison St",,"New York, NY 10038",,"Madison St",,,"New York",NY,"New York County",10038,US,"TIGER/Line® dataset from the US Census Bureau"
297,"THE CLOUD ONE LOUNGE, NEW YORK, NY",40.710421,-74.003985,0.88,street_center,"Gold St",,"New York, NY 10038",,"Gold St",,,"New York",NY,"New York County",10038,US,"TIGER/Line® dataset from the US Census Bureau"
298,"American Dream Mall, East Rutherford, New York, NY",40.733692,-73.985008,0.9,street_center,"Rutherford Pl",,"New York, NY 10003",,"Rutherford Pl",,,"New York",NY,"New York County",10003,US,"TIGER/Line® dataset from the US Census Bureau"
299,"3726 Tonnelle Ave, New York City, NY",40.724477,-73.696416,0.6,street_center,"Tunnel St",,"Floral Park, NY 11001",,"Tunnel St",,,"Floral Park",NY,"Nassau County",11001,US,"TIGER/Line® dataset from the US Census Bureau"
300,"All Souls NYC, New York, NY",40.750422,-73.996328,1,place,,,"New York, NY 10001",,,,,"New York",NY,"New York County",10001,US,"TIGER/Line® dataset from the US Census Bureau"
301,"115 E 41st St, New York, NY",40.751222,-73.977424,1,range_interpolation,"115 E 41st St",,"New York, NY 10017",115,"E 41st St",,,"New York",NY,"New York County",10017,US,"TIGER/Line® from the US Census Bureau"
303,"The Hugh, New York, NY",40.750422,-73.996328,1,place,,,"New York, NY 10001",,,,,"New York",NY,"New York County",10001,US,"TIGER/Line® dataset from the US Census Bureau"
305,"Aloft Hotel, Manhattan, New York, NY",40.750422,-73.996328,1,place,,,"New York, NY 10001",,,,,"New York",NY,"New York County",10001,US,"TIGER/Line® dataset from the US Census Bureau"
306,"Pier 57, New York, NY",40.750422,-73.996328,0.5,place,,,"New York, NY 10001",,,,,"New York",NY,"New York County",10001,US,"TIGER/Line® dataset from the US Census Bureau"
310,"The Gibson, Brooklyn, New York, NY",40.750422,-73.996328,1,place,,,"New York, NY 10001",,,,,"New York",NY,"New York County",10001,US,"TIGER/Line® dataset from the US Census Bureau"
311,"AMDA Studios, New York, NY",40.703375,-74.014411,0.88,street_center,"State St",,"New York, NY 10004",,"State St",,,"New York",NY,"New York County",10004,US,"TIGER/Line® dataset from the US Census Bureau"
315,"Mona's, New York, NY",40.760887,-73.950873,0.9,street_center,"Main St",,"New York, NY 10044",,"Main St",,,"New York",NY,"New York County",10044,US,"TIGER/Line® dataset from the US Census Bureau"
316,"115 E 41st St, New York, NY",40.751222,-73.977424,1,range_interpolation,"115 E 41st St",,"New York, NY 10017",115,"E 41st St",,,"New York",NY,"New York County",10017,US,"TIGER/Line® from the US Census Bureau"
318,"Hotel 42, Kings County, New York, NY",40.750422,-73.996328,0.5,place,,,"New York, NY 10001",,,,,"New York",NY,"New York County",10001,US,"TIGER/Line® dataset from the US Census Bureau"
319,"THE CLOUD ONE LOUNGE, NEW YORK, NY",40.710421,-74.003985,0.88,street_center,"Gold St",,"New York, NY 10038",,"Gold St",,,"New York",NY,"New York County",10038,US,"TIGER/Line® dataset from the US Census Bureau"
320,"Crea8ive locations, New york, NY",40.750422,-73.996328,1,place,,,"New York, NY 10001",,,,,"New York",NY,"New York County",10001,US,"TIGER/Line® dataset from the US Census Bureau"
321,"Pete's Grill, Queens, New York, NY",40.716393,-73.98347,0.9,street_center,"Pitt St",,"New York, NY 10002",,"Pitt St",,,"New York",NY,"New York County",10002,US,"TIGER/Line® dataset from the US Census Bureau"
322,"MEAMA, New York, NY",40.660681,-73.947297,0.77,street_center,"Miami Ct",,"Brooklyn, NY 11225",,"Miami Ct",,,Brooklyn,NY,"Kings County",11225,US,"TIGER/Line® dataset from the US Census Bureau"
323,"Bryant Park, New York, NY",40.668859,-74.002917,0.9,street_center,"Bryant St",,"Brooklyn, NY 11231",,"Bryant St",,,Brooklyn,NY,"Kings County",11231,US,"TIGER/Line® dataset from the US Census Bureau"
325,"USS Maine Monument, New York, NY",40.750422,-73.996328,1,place,,,"New York, NY 10001",,,,,"New York",NY,"New York County",10001,US,"TIGER/Line® dataset from the US Census Bureau"
326,"Meeting point is at Brookfield Place, New York, NY",40.724968,-74.00527,0.8,street_center,"Dominick St",,"New York, NY 10013",,"Dominick St",,,"New York",NY,"New York County",10013,US,"TIGER/Line® dataset from the US Census Bureau"
327,"140 West St, New York, NY",40.713998,-74.013313,1,rooftop,"140 West St",,"New York, NY 10007",140,"West St",,,"New York",NY,"New York County",10007,US,"City of New York"
329,"Metrograph, New York, NY",40.750422,-73.996328,1,place,,,"New York, NY 10001",,,,,"New York",NY,"New York County",10001,US,"TIGER/Line® dataset from the US Census Bureau"
331,"Snow Peak Brooklyn, Kings County, New York, NY",40.704837,-74.012608,0.85,street_center,"New St",,"New York, NY 10004",,"New St",,,"New York",NY,"New York County",10004,US,"TIGER/Line® dataset from the US Census Bureau"
333,"Kent Ale House, Brooklyn, New York, NY",40.703239,-73.965975,0.87,street_center,"Kent Ave",,"Brooklyn, NY 11249",,"Kent Ave",,,Brooklyn,NY,"Kings County",11249,US,"TIGER/Line® dataset from the US Census Bureau"
335,"Pennsylvania Station, New York, NY",40.644526,-73.878054,0.72,street_center,"Pennsylvania Ave",,"Brooklyn, NY 11239",,"Pennsylvania Ave",,,Brooklyn,NY,"Kings County",11239,US,"TIGER/Line® dataset from the US Census Bureau"
336,"Moxy NYC Chelsea, New York, NY",40.750422,-73.996328,1,place,,,"New York, NY 10001",,,,,"New York",NY,"New York County",10001,US,"TIGER/Line® dataset from the US Census Bureau"
338,"Castle Clinton National Monument, New York, NY",40.59864,-73.791652,0.51,street_center,"De Costa Ave",,"Arverne, NY 11692",,"De Costa Ave",,,Arverne,NY,"Queens County",11692,US,"TIGER/Line® dataset from the US Census Bureau"
339,"Woodbines, Queens County, New York, NY",40.703843,-73.905445,0.89,street_center,"Woodbine St",,"Ridgewood, NY 11385",,"Woodbine St",,,Ridgewood,NY,"Queens County",11385,US,"TIGER/Line® dataset from the US Census Bureau"
340,"Bryant Park Whole Foods, New York, NY",40.668859,-74.002917,0.9,street_center,"Bryant St",,"Brooklyn, NY 11231",,"Bryant St",,,Brooklyn,NY,"Kings County",11231,US,"TIGER/Line® dataset from the US Census Bureau"
341,"Essex Market, Manhattan, New York, NY",40.714665,-73.990202,0.93,street_center,"Essex St",,"New York, NY 10002",,"Essex St",,,"New York",NY,"New York County",10002,US,"TIGER/Line® dataset from the US Census Bureau"
342,"The Ragtrader, New York, NY",40.750422,-73.996328,1,place,,,"New York, NY 10001",,,,,"New York",NY,"New York County",10001,US,"TIGER/Line® dataset from the US Census Bureau"
343,"Gansevoort Peninsula, New York, NY",40.73938,-74.009762,0.93,street_center,"Gansevoort St",,"New York, NY 10014",,"Gansevoort St",,,"New York",NY,"New York County",10014,US,"TIGER/Line® dataset from the US Census Bureau"
344,"Boho Karaoke Orchard, New York, NY",40.68627,-74.018642,0.78,street_center,"Craig Rd S",,"New York, NY 10004",,"Craig Rd S",,,"New York",NY,"New York County",10004,US,"TIGER/Line® dataset from the US Census Bureau"
345,"The Hugh, New York City, NY",40.750422,-73.996328,1,place,,,"New York, NY 10001",,,,,"New York",NY,"New York County",10001,US,"TIGER/Line® dataset from the US Census Bureau"
346,"Calle Dao, New York, NY",40.884908,-73.892992,0.85,street_center,"Gale Pl",,"Bronx, NY 10463",,"Gale Pl",,,Bronx,NY,"Bronx County",10463,US,"TIGER/Line® dataset from the US Census Bureau"
347,"134w W 29th St 2nd floor, New York, NY",40.747255,-73.991707,0.9,rooftop,"134 W 29th St","Fl 2","New York, NY 10001",134,"W 29th St",Fl,2,"New York",NY,"New York County",10001,US,"City of New York"
349,"Phebes, New York, NY",40.750422,-73.996328,1,place,,,"New York, NY 10001",,,,,"New York",NY,"New York County",10001,US,"TIGER/Line® dataset from the US Census Bureau"
350,"Shake Shack Hudson Yards, New York, NY",40.750422,-73.996328,1,place,,,"New York, NY 10001",,,,,"New York",NY,"New York County",10001,US,"TIGER/Line® dataset from the US Census Bureau"
354,"The Irish American Pub, New York, NY",40.590447,-73.928365,0.71,street_center,"Ira Ct",,"Brooklyn, NY 11229",,"Ira Ct",,,Brooklyn,NY,"Kings County",11229,US,"TIGER/Line® dataset from the US Census Bureau"
355,"Michiko Rehearsal Studios, New York, NY",40.750422,-73.996328,1,place,,,"New York, NY 10001",,,,,"New York",NY,"New York County",10001,US,"TIGER/Line® dataset from the US Census Bureau"
357,"Pier 57, New York, NY",40.750422,-73.996328,0.5,place,,,"New York, NY 10001",,,,,"New York",NY,"New York County",10001,US,"TIGER/Line® dataset from the US Census Bureau"
359,"Spritzenhaus33, Brooklyn, New York, NY",40.712415,-74.004865,0.9,street_center,"Brooklyn Brg",,"New York, NY 10038",,"Brooklyn Brg",,,"New York",NY,"New York County",10038,US,"OpenStreetMap Contributors"
360,"Malibu Diner, New York, NY",40.788923,-73.825,0.69,street_center,"Malba Dr",,"Whitestone, NY 11357",,"Malba Dr",,,Whitestone,NY,"Queens County",11357,US,"TIGER/Line® dataset from the US Census Bureau"
364,"Alewife Brewing, Queens, New York, NY",40.750422,-73.996328,1,place,,,"New York, NY 10001",,,,,"New York",NY,"New York County",10001,US,"TIGER/Line® dataset from the US Census Bureau"
365,"Secret Restaurant Location in Midtown/Lower Manhattan/Willamsburg, New York, NY",40.717143,-73.984257,0.85,street_center,"Williamsburg Brg",,"New York, NY 10002",,"Williamsburg Brg",,,"New York",NY,"New York County",10002,US,"OpenStreetMap Contributors"
366,"Vesuvio Pizzeria & Restaurant, Brooklyn, New York, NY",40.712415,-74.004865,0.9,street_center,"Brooklyn Brg",,"New York, NY 10038",,"Brooklyn Brg",,,"New York",NY,"New York County",10038,US,"OpenStreetMap Contributors"
367,"Pier 57, New York, NY",40.750422,-73.996328,0.5,place,,,"New York, NY 10001",,,,,"New York",NY,"New York County",10001,US,"TIGER/Line® dataset from the US Census Bureau"
368,"Roosevelt Island, New York, NY",40.656634,-73.99884,0.95,street_center,"Roosevelt Ct",,"Brooklyn, NY 11232",,"Roosevelt Ct",,,Brooklyn,NY,"Kings County",11232,US,"TIGER/Line® dataset from the US Census Bureau"
369,"Spicy Moon at Bowery, New York, NY",40.720053,-73.99415,1,street_center,Bowery,,"New York, NY 10012",,Bowery,,,"New York",NY,"New York County",10012,US,"TIGER/Line® dataset from the US Census Bureau"
370,"Balance Arts Center, New York, NY",40.712681,-74.004574,0.83,street_center,"Centre St",,"New York, NY 10007",,"Centre St",,,"New York",NY,"New York County",10007,US,"TIGER/Line® dataset from the US Census Bureau"
373,"131 W 86th St, New York, NY",40.787152,-73.973315,1,rooftop,"131 W 86th St",,"New York, NY 10024",131,"W 86th St",,,"New York",NY,"New York County",10024,US,"City of New York"
375,"Houghton Hall Arts Community, New York City, NY",40.750422,-73.996328,1,place,,,"New York, NY 10001",,,,,"New York",NY,"New York County",10001,US,"TIGER/Line® dataset from the US Census Bureau"
379,"The Yard: Herald Square, New York, NY",40.750422,-73.996328,1,place,,,"New York, NY 10001",,,,,"New York",NY,"New York County",10001,US,"TIGER/Line® dataset from the US Census Bureau"
381,"Settepani Cafe, New York, NY",40.750422,-73.996328,1,place,,,"New York, NY 10001",,,,,"New York",NY,"New York County",10001,US,"TIGER/Line® dataset from the US Census Bureau"
382,"Aloft Hotel, Manhattan, New York, NY",40.750422,-73.996328,1,place,,,"New York, NY 10001",,,,,"New York",NY,"New York County",10001,US,"TIGER/Line® dataset from the US Census Bureau"
383,"330 7th Ave, 7th floor, room 711, New York, NY",40.747718,-73.99324,1,rooftop,"330 7th Ave",Fl,"New York, NY 10001",330,"7th Ave",Fl,,"New York",NY,"New York County",10001,US,"City of New York"
386,"Spicy moon bowery, New York City, NY",40.720053,-73.99415,1,street_center,Bowery,,"New York, NY 10012",,Bowery,,,"New York",NY,"New York County",10012,US,"TIGER/Line® dataset from the US Census Bureau"
387,"New York City Hall, New York, NY",40.703125,-74.010852,1,street_center,"New York Plz",,"New York, NY 10004",,"New York Plz",,,"New York",NY,"New York County",10004,US,"TIGER/Line® dataset from the US Census Bureau"
389,"Film at Lincoln Center - Elinor Bunin Munroe Film Center, New York, NY",40.750422,-73.996328,1,place,,,"New York, NY 10001",,,,,"New York",NY,"New York County",10001,US,"TIGER/Line® dataset from the US Census Bureau"
390,"James Gordon Bennett Memorial, New York, NY",40.712239,-73.998783,0.93,street_center,"James St",,"New York, NY 10038",,"James St",,,"New York",NY,"New York County",10038,US,"TIGER/Line® dataset from the US Census Bureau"
391,"Zeppelin Hall Beer Garden, Jersey City, New York, NY",40.750422,-73.996328,1,place,,,"New York, NY 10001",,,,,"New York",NY,"New York County",10001,US,"TIGER/Line® dataset from the US Census Bureau"
392,"Sugar Mouse, New York, NY",40.750422,-73.996328,1,place,,,"New York, NY 10001",,,,,"New York",NY,"New York County",10001,US,"TIGER/Line® dataset from the US Census Bureau"
393,"Turkish Coffee Room, New York City, NY",40.702801,-74.012364,0.8,street_center,"Moore St",,"New York, NY 10004",,"Moore St",,,"New York",NY,"New York County",10004,US,"TIGER/Line® dataset from the US Census Bureau"
395,"Pier 57, New York, NY",40.750422,-73.996328,0.5,place,,,"New York, NY 10001",,,,,"New York",NY,"New York County",10001,US,"TIGER/Line® dataset from the US Census Bureau"
396,"Madison Square Garden, New York, NY",40.711839,-73.999096,1,street_center,"Madison St",,"New York, NY 10038",,"Madison St",,,"New York",NY,"New York County",10038,US,"TIGER/Line® dataset from the US Census Bureau"
397,"Metropolitan Opera, New York, NY",40.713004,-73.876593,0.77,street_center,"Metropolitan Ave",,"Middle Village, NY 11379",,"Metropolitan Ave",,,"Middle Village",NY,"Queens County",11379,US,"TIGER/Line® dataset from the US Census Bureau"
404,"230 Fifth Rooftop Bar, New York, NY",40.727093,-73.989953,0.8,rooftop,"230 E 5th St",,"New York, NY 10003",230,"E 5th St",,,"New York",NY,"New York County",10003,US,"City of New York"
405,"Bloomingdale's, Lexington Avenue between 59th & 60th Streets, New York, NY",40.769615,-73.983773,1,street_center,"W 60th St",,"New York, NY 10023",,"W 60th St",,,"New York",NY,"New York County",10023,US,"TIGER/Line® dataset from the US Census Bureau"
406,"TBD, Astoria, New York, NY",40.729964,-73.992134,0.93,street_center,"Astor Pl",,"New York, NY 10003",,"Astor Pl",,,"New York",NY,"New York County",10003,US,"TIGER/Line® dataset from the US Census Bureau"
408,"330 7th Ave 7th floor room 706, New York, NY",40.747718,-73.99324,1,rooftop,"330 7th Ave",Fl,"New York, NY 10001",330,"7th Ave",Fl,,"New York",NY,"New York County",10001,US,"City of New York"
409,"Cooper Hewitt Smithsonian Design Museum, New York, NY",40.868749,-73.921023,0.93,street_center,"Cooper St",,"New York, NY 10034",,"Cooper St",,,"New York",NY,"New York County",10034,US,"TIGER/Line® dataset from the US Census Bureau"
411,"Midtown, New York, NY",40.741571,-73.954077,0.8,street_center,I-495,,"Long Island City, NY 11101",,I-495,,,"Long Island City",NY,"Queens County",11101,US,"OpenStreetMap Contributors"
412,"Brookfield Place, New York, NY",40.757935,-73.679731,0.6,street_center,"Brookfield Rd",,"New Hyde Park, NY 11040",,"Brookfield Rd",,,"New Hyde Park",NY,"Nassau County",11040,US,"TIGER/Line® dataset from the US Census Bureau"
414,"Akumina, Inc.,, Nashua, New York, NY",40.750422,-73.996328,1,place,,,"New York, NY 10001",,,,,"New York",NY,"New York County",10001,US,"TIGER/Line® dataset from the US Census Bureau"
415,"David Geffen Hall, New York, NY",40.750422,-73.996328,1,place,,,"New York, NY 10001",,,,,"New York",NY,"New York County",10001,US,"TIGER/Line® dataset from the US Census Bureau"
416,"Aromi Di Napoli LLC, Nutley, New York, NY",40.750422,-73.996328,1,place,,,"New York, NY 10001",,,,,"New York",NY,"New York County",10001,US,"TIGER/Line® dataset from the US Census Bureau"
417,"The Hugh, New York City, NY",40.750422,-73.996328,1,place,,,"New York, NY 10001",,,,,"New York",NY,"New York County",10001,US,"TIGER/Line® dataset from the US Census Bureau"
421,"Nook, Brooklyn, New York, NY",40.712415,-74.004865,0.9,street_center,"Brooklyn Brg",,"New York, NY 10038",,"Brooklyn Brg",,,"New York",NY,"New York County",10038,US,"OpenStreetMap Contributors"
426,"115 E 41st St, New York, NY",40.751222,-73.977424,1,range_interpolation,"115 E 41st St",,"New York, NY 10017",115,"E 41st St",,,"New York",NY,"New York County",10017,US,"TIGER/Line® from the US Census Bureau"
429,"The Center, New York, NY",40.750422,-73.996328,1,place,,,"New York, NY 10001",,,,,"New York",NY,"New York County",10001,US,"TIGER/Line® dataset from the US Census Bureau"
431,"TBD, NYC",40.750422,-73.996328,1,place,,,"New York, NY 10001",,,,,"New York",NY,"New York County",10001,US,"TIGER/Line® dataset from the US Census Bureau"
432,"National Opera Center (Opera America), New York, NY",40.604438,-73.908967,0.72,street_center,"National Dr",,"Brooklyn, NY 11234",,"National Dr",,,Brooklyn,NY,"Kings County",11234,US,"TIGER/Line® dataset from the US Census Bureau"
433,"Opera America Mackay studio, New York, NY",40.703375,-74.014411,0.75,street_center,"State St",,"New York, NY 10004",,"State St",,,"New York",NY,"New York County",10004,US,"TIGER/Line® dataset from the US Census Bureau"
434,"Fonzi HQ, New York, NY",40.733771,-74.000314,0.83,street_center,"Gay St",,"New York, NY 10014",,"Gay St",,,"New York",NY,"New York County",10014,US,"TIGER/Line® dataset from the US Census Bureau"
435,"Houghton Hall Arts Community, New York City, NY",40.750422,-73.996328,1,place,,,"New York, NY 10001",,,,,"New York",NY,"New York County",10001,US,"TIGER/Line® dataset from the US Census Bureau"
438,"115 E 57th Street, NY",42.913397,-75.596272,1,state,,,NY,,,,,,NY,,,US,"TIGER/Line® dataset from the US Census Bureau"
439,"Qahwah House - Broadway, New York, NY",40.742785,-73.989195,1,street_center,Broadway,,"New York, NY 10010",,Broadway,,,"New York",NY,"New York County",10010,US,"TIGER/Line® dataset from the US Census Bureau"
446,"Time Out Market Union Square, New York, NY",40.68463,-73.978182,0.85,street_center,"Times Plz",,"Brooklyn, NY 11217",,"Times Plz",,,Brooklyn,NY,"Kings County",11217,US,"TIGER/Line® dataset from the US Census Bureau"
447,"Balance Arts Center, New York, NY",40.712681,-74.004574,0.83,street_center,"Centre St",,"New York, NY 10007",,"Centre St",,,"New York",NY,"New York County",10007,US,"TIGER/Line® dataset from the US Census Bureau"
448,"355 New St, Newark, New York, NY",40.704837,-74.012608,0.7,street_center,"New St",,"New York, NY 10004",,"New St",,,"New York",NY,"New York County",10004,US,"TIGER/Line® dataset from the US Census Bureau"
449,"Clinton Hall Midtown East, New York, NY",40.726758,-73.895975,0.84,street_center,"Clinton Ave",,"Maspeth, NY 11378",,"Clinton Ave",,,Maspeth,NY,"Queens County",11378,US,"TIGER/Line® dataset from the US Census Bureau"
450,"Serendipity Labs, New York, NY",40.750422,-73.996328,1,place,,,"New York, NY 10001",,,,,"New York",NY,"New York County",10001,US,"TIGER/Line® dataset from the US Census Bureau"
451,"Slattery's Midtown Pub, New York, NY",40.707151,-74.017348,0.88,street_center,"Battery Pl",,"New York, NY 10280",,"Battery Pl",,,"New York",NY,"New York County",10280,US,"TIGER/Line® dataset from the US Census Bureau"
453,"140 W 62nd St, New York, NY",40.771369,-73.984562,1,rooftop,"140 W 62nd St",,"New York, NY 10023",140,"W 62nd St",,,"New York",NY,"New York County",10023,US,"City of New York"
454,"Take Care NYC, New York, NY",40.75938,-73.674866,0.48,street_center,"Duke Dr",,"New Hyde Park, NY 11040",,"Duke Dr",,,"New Hyde Park",NY,"Nassau County",11040,US,"TIGER/Line® dataset from the US Census Bureau"
455,"Consulate General of India, New York, New York, NY",40.703125,-74.010852,1,street_center,"New York Plz",,"New York, NY 10004",,"New York Plz",,,"New York",NY,"New York County",10004,US,"TIGER/Line® dataset from the US Census Bureau"
457,"Astoria Park Track, Astoria, New York, NY",40.729964,-73.992134,0.93,street_center,"Astor Pl",,"New York, NY 10003",,"Astor Pl",,,"New York",NY,"New York County",10003,US,"TIGER/Line® dataset from the US Census Bureau"
458,"731 Lexington Avenue, New York, NY",40.761883,-73.968258,1,rooftop,"731 Lexington Ave",,"New York, NY 10022",731,"Lexington Ave",,,"New York",NY,"New York County",10022,US,"City of New York"
461,"902 Brewing Co., Jersey City, New York, NY",40.750422,-73.996328,0.5,place,,,"New York, NY 10001",,,,,"New York",NY,"New York County",10001,US,"TIGER/Line® dataset from the US Census Bureau"
463,"Old Stone House, 336 3rd St, Brooklyn, NY 11215, Brooklyn",40.673047,-73.984569,1,rooftop,"336 3rd St",,"Brooklyn, NY 11215",336,"3rd St",,,Brooklyn,NY,"Kings County",11215,US,"City of New York"
466,"90 Trinity Pl, Jersey City, New York, NY",40.708931,-74.012377,1,rooftop,"90 Trinity Pl",,"New York, NY 10006",90,"Trinity Pl",,,"New York",NY,"New York County",10006,US,"City of New York"
468,"AMC Empire 25, New York, NY",40.750422,-73.996328,0.5,place,,,"New York, NY 10001",,,,,"New York",NY,"New York County",10001,US,"TIGER/Line® dataset from the US Census Bureau"
469,"FirstLive Coffee House, Brooklyn, New York, NY",40.750422,-73.996328,1,place,,,"New York, NY 10001",,,,,"New York",NY,"New York County",10001,US,"TIGER/Line® dataset from the US Census Bureau"
470,"10th & Willow Bar & Grill, Hoboken, New York, NY",40.671433,-73.9927,0.79,street_center,"10th St",,"Brooklyn, NY 11249",,"10th St",,,Brooklyn,NY,"Kings County",11249,US,"TIGER/Line® dataset from the US Census Bureau"
471,"Triona's on third, NY",42.913397,-75.596272,1,state,,,NY,,,,,,NY,,,US,"TIGER/Line® dataset from the US Census Bureau"
472,"The Hugh, New York City, NY",40.750422,-73.996328,1,place,,,"New York, NY 10001",,,,,"New York",NY,"New York County",10001,US,"TIGER/Line® dataset from the US Census Bureau"
473,"Veterans Field Park, Edgewater, New York, NY",40.620142,-73.90739,0.72,street_center,"Veterans Ave",,"Brooklyn, NY 11234",,"Veterans Ave",,,Brooklyn,NY,"Kings County",11234,US,"TIGER/Line® dataset from the US Census Bureau"
476,"Church in Park Slope Brooklyn, Kings County, New York, NY",40.715716,-74.00732,1,street_center,"Church St",,"New York, NY 10013",,"Church St",,,"New York",NY,"New York County",10013,US,"TIGER/Line® dataset from the US Census Bureau"
478,"125 W 18th St, New York, NY 10011, New York",40.740467,-73.996178,1,rooftop,"125 W 18th St",,"New York, NY 10011",125,"W 18th St",,,"New York",NY,"New York County",10011,US,"City of New York"
479,"Ainslie Bowery, New York, NY",40.720053,-73.99415,1,street_center,Bowery,,"New York, NY 10012",,Bowery,,,"New York",NY,"New York County",10012,US,"TIGER/Line® dataset from the US Census Bureau"
480,"318 3rd Ave, New York, NY",40.739479,-73.982902,1,rooftop,"318 3rd Ave",,"New York, NY 10010",318,"3rd Ave",,,"New York",NY,"New York County",10010,US,"City of New York"
481,"Smash Studios, New York, NY",40.703375,-74.014411,0.8,street_center,"State St",,"New York, NY 10004",,"State St",,,"New York",NY,"New York County",10004,US,"TIGER/Line® dataset from the US Census Bureau"
483,"Loft On Fifth, New York, NY",40.724711,-73.984043,0.87,street_center,"E 5th St",,"New York, NY 10009",,"E 5th St",,,"New York",NY,"New York County",10009,US,"TIGER/Line® dataset from the US Census Bureau"
488,"Astoria Park Track, Astoria, New York, NY",40.729964,-73.992134,0.93,street_center,"Astor Pl",,"New York, NY 10003",,"Astor Pl",,,"New York",NY,"New York County",10003,US,"TIGER/Line® dataset from the US Census Bureau"
489,"Consulate General of India, New York, New York, NY",40.703125,-74.010852,1,street_center,"New York Plz",,"New York, NY 10004",,"New York Plz",,,"New York",NY,"New York County",10004,US,"TIGER/Line® dataset from the US Census Bureau"
490,"Pizzeria Uno, New York, NY",40.750422,-73.996328,1,place,,,"New York, NY 10001",,,,,"New York",NY,"New York County",10001,US,"TIGER/Line® dataset from the US Census Bureau"
491,"White Horse Tavern-Financial District, New York, NY",40.718172,-74.003362,0.93,street_center,"White St",,"New York, NY 10013",,"White St",,,"New York",NY,"New York County",10013,US,"TIGER/Line® dataset from the US Census Bureau"
